dataset,video,event_id,duration
BMC,synth1__111,0,1499
BMC,synth1__112,0,1502
BMC,synth1__121,0,1499
BMC,synth1__122,0,1503
BMC,synth1__211,0,1499
BMC,synth1__212,0,1499
BMC,synth1__221,0,1499
BMC,synth1__222,0,1499
BMC,synth1__311,0,180
BMC,synth1__311,1,1318
BMC,synth1__312,0,603
BMC,synth1__312,1,895
BMC,synth2__321,0,40
BMC,synth2__321,1,1458
BMC,synth2__322,0,1
BMC,synth2__322,1,5
BMC,synth2__322,2,1
BMC,synth2__322,3,3
BMC,synth2__322,4,19
BMC,synth2__322,5,6
BMC,synth2__322,6,2
BMC,synth2__322,7,4
BMC,synth2__322,8,2
BMC,synth2__322,9,2
BMC,synth2__322,10,2
BMC,synth2__322,11,21
BMC,synth2__322,12,2
BMC,synth2__322,13,1
BMC,synth2__322,14,20
BMC,synth2__322,15,1
BMC,synth2__322,16,2
BMC,synth2__322,17,1
BMC,synth2__322,18,1
BMC,synth2__322,19,3
BMC,synth2__322,20,2
BMC,synth2__322,21,3
BMC,synth2__322,22,1
BMC,synth2__322,23,2
BMC,synth2__322,24,94
BMC,synth2__322,25,12
BMC,synth2__322,26,7
BMC,synth2__322,27,3
BMC,synth2__322,28,39
BMC,synth2__322,29,1
BMC,synth2__322,30,1
BMC,synth2__322,31,29
BMC,synth2__322,32,23
BMC,synth2__322,33,2
BMC,synth2__322,34,9
BMC,synth2__322,35,836
BMC,synth2__322,36,59
BMC,synth2__322,37,31
BMC,synth2__322,38,3
BMC,synth2__322,39,23
BMC,synth2__322,40,17
BMC,synth2__322,41,12
BMC,synth2__322,42,15
BMC,synth2__322,43,2
BMC,synth2__322,44,13
BMC,synth2__322,45,83
BMC,synth2__411,0,5
BMC,synth2__411,1,2
BMC,synth2__411,2,4
BMC,synth2__411,3,1
BMC,synth2__411,4,1
BMC,synth2__411,5,32
BMC,synth2__411,6,42
BMC,synth2__411,7,1
BMC,synth2__411,8,1
BMC,synth2__411,9,2
BMC,synth2__411,10,6
BMC,synth2__411,11,64
BMC,synth2__411,12,8
BMC,synth2__411,13,2
BMC,synth2__411,14,2
BMC,synth2__411,15,2
BMC,synth2__411,16,1
BMC,synth2__411,17,1
BMC,synth2__411,18,2
BMC,synth2__411,19,13
BMC,synth2__411,20,19
BMC,synth2__411,21,6
BMC,synth2__411,22,1
BMC,synth2__411,23,7
BMC,synth2__411,24,3
BMC,synth2__411,25,46
BMC,synth2__411,26,1
BMC,synth2__411,27,1
BMC,synth2__411,28,4
BMC,synth2__411,29,5
BMC,synth2__411,30,15
BMC,synth2__411,31,125
BMC,synth2__411,32,243
BMC,synth2__411,33,29
BMC,synth2__411,34,6
BMC,synth2__411,35,18
BMC,synth2__411,36,15
BMC,synth2__411,37,11
BMC,synth2__411,38,1
BMC,synth2__411,39,6
BMC,synth2__411,40,17
BMC,synth2__411,41,52
BMC,synth2__411,42,110
BMC,synth2__411,43,10
BMC,synth2__411,44,5
BMC,synth2__411,45,1
BMC,synth2__411,46,18
BMC,synth2__411,47,4
BMC,synth2__411,48,16
BMC,synth2__411,49,20
BMC,synth2__411,50,1
BMC,synth2__411,51,11
BMC,synth2__411,52,4
BMC,synth2__411,53,1
BMC,synth2__411,54,2
BMC,synth2__411,55,7
BMC,synth2__411,56,12
BMC,synth2__411,57,10
BMC,synth2__411,58,4
BMC,synth2__411,59,2
BMC,synth2__411,60,3
BMC,synth2__411,61,72
BMC,synth2__411,62,20
BMC,synth2__411,63,234
BMC,synth2__412,0,589
BMC,synth2__412,1,16
BMC,synth2__412,2,1
BMC,synth2__412,3,2
BMC,synth2__412,4,4
BMC,synth2__412,5,4
BMC,synth2__412,6,2
BMC,synth2__412,7,4
BMC,synth2__412,8,2
BMC,synth2__412,9,8
BMC,synth2__412,10,7
BMC,synth2__412,11,3
BMC,synth2__412,12,3
BMC,synth2__412,13,2
BMC,synth2__412,14,86
BMC,synth2__412,15,1
BMC,synth2__412,16,11
BMC,synth2__412,17,4
BMC,synth2__412,18,2
BMC,synth2__412,19,30
BMC,synth2__412,20,6
BMC,synth2__412,21,2
BMC,synth2__412,22,5
BMC,synth2__412,23,2
BMC,synth2__412,24,16
BMC,synth2__412,25,1
BMC,synth2__412,26,2
BMC,synth2__412,27,2
BMC,synth2__412,28,14
BMC,synth2__412,29,4
BMC,synth2__412,30,1
BMC,synth2__412,31,1
BMC,synth2__412,32,3
BMC,synth2__412,33,1
BMC,synth2__412,34,1
BMC,synth2__412,35,1
BMC,synth2__412,36,3
BMC,synth2__412,37,1
BMC,synth2__412,38,2
BMC,synth2__412,39,3
BMC,synth2__412,40,104
BMC,synth2__412,41,486
BMC,synth2__421,0,2
BMC,synth2__421,1,1
BMC,synth2__421,2,1
BMC,synth2__421,3,2
BMC,synth2__421,4,2
BMC,synth2__421,5,1
BMC,synth2__421,6,3
BMC,synth2__421,7,1
BMC,synth2__421,8,1
BMC,synth2__421,9,1
BMC,synth2__421,10,1
BMC,synth2__421,11,1
BMC,synth2__421,12,1
BMC,synth2__421,13,1
BMC,synth2__421,14,4
BMC,synth2__421,15,1
BMC,synth2__421,16,3
BMC,synth2__421,17,1
BMC,synth2__421,18,1
BMC,synth2__421,19,9
BMC,synth2__421,20,1
BMC,synth2__421,21,2
BMC,synth2__421,22,5
BMC,synth2__421,23,1
BMC,synth2__421,24,2
BMC,synth2__421,25,1
BMC,synth2__421,26,1
BMC,synth2__421,27,1
BMC,synth2__421,28,1
BMC,synth2__421,29,3
BMC,synth2__421,30,2
BMC,synth2__421,31,160
BMC,synth2__421,32,1
BMC,synth2__421,33,1
BMC,synth2__421,34,2
BMC,synth2__421,35,11
BMC,synth2__421,36,6
BMC,synth2__421,37,6
BMC,synth2__421,38,32
BMC,synth2__421,39,96
BMC,synth2__421,40,5
BMC,synth2__421,41,2
BMC,synth2__421,42,8
BMC,synth2__421,43,56
BMC,synth2__421,44,2
BMC,synth2__421,45,1
BMC,synth2__421,46,7
BMC,synth2__421,47,4
BMC,synth2__421,48,1
BMC,synth2__421,49,1
BMC,synth2__421,50,1
BMC,synth2__421,51,2
BMC,synth2__421,52,3
BMC,synth2__421,53,466
BMC,synth2__421,54,40
BMC,synth2__422,0,11
BMC,synth2__422,1,668
BMC,synth2__422,2,6
BMC,synth2__422,3,7
BMC,synth2__422,4,6
BMC,synth2__422,5,2
BMC,synth2__422,6,1
BMC,synth2__422,7,1
BMC,synth2__422,8,1
BMC,synth2__422,9,1
BMC,synth2__422,10,1
BMC,synth2__422,11,11
BMC,synth2__422,12,3
BMC,synth2__422,13,2
BMC,synth2__422,14,2
BMC,synth2__422,15,1
BMC,synth2__422,16,1
BMC,synth2__422,17,2
BMC,synth2__422,18,1
BMC,synth2__422,19,10
BMC,synth2__422,20,64
BMC,synth2__422,21,51
BMC,synth2__422,22,5
BMC,synth2__422,23,3
BMC,synth2__422,24,5
BMC,synth2__422,25,2
BMC,synth2__422,26,12
BMC,synth2__422,27,4
BMC,synth2__422,28,1
BMC,synth2__422,29,1
BMC,synth2__422,30,1
BMC,synth2__422,31,1
BMC,synth2__422,32,563
BMC,synth2__511,0,1499
BMC,synth2__512,0,1499
BMC,synth2__521,0,269
BMC,synth2__521,1,47
BMC,synth2__521,2,10
BMC,synth2__521,3,1172
BMC,synth2__522,0,1499
CDnet2014,badWeather__blizzard,0,2
CDnet2014,badWeather__blizzard,1,5
CDnet2014,badWeather__blizzard,2,1
CDnet2014,badWeather__blizzard,3,2
CDnet2014,badWeather__blizzard,4,1
CDnet2014,badWeather__blizzard,5,57
CDnet2014,badWeather__blizzard,6,7
CDnet2014,badWeather__blizzard,7,588
CDnet2014,badWeather__blizzard,8,5
CDnet2014,badWeather__blizzard,9,2
CDnet2014,badWeather__blizzard,10,1
CDnet2014,badWeather__blizzard,11,1
CDnet2014,badWeather__blizzard,12,2
CDnet2014,badWeather__blizzard,13,2
CDnet2014,badWeather__blizzard,14,3
CDnet2014,badWeather__blizzard,15,1
CDnet2014,badWeather__blizzard,16,7
CDnet2014,badWeather__blizzard,17,1
CDnet2014,badWeather__blizzard,18,5
CDnet2014,badWeather__blizzard,19,1
CDnet2014,badWeather__blizzard,20,3
CDnet2014,badWeather__blizzard,21,1
CDnet2014,badWeather__blizzard,22,1
CDnet2014,badWeather__blizzard,23,1
CDnet2014,badWeather__blizzard,24,1
CDnet2014,badWeather__blizzard,25,2
CDnet2014,badWeather__blizzard,26,1
CDnet2014,badWeather__blizzard,27,4
CDnet2014,badWeather__blizzard,28,6
CDnet2014,badWeather__blizzard,29,2
CDnet2014,badWeather__blizzard,30,103
CDnet2014,badWeather__blizzard,31,149
CDnet2014,badWeather__blizzard,32,4
CDnet2014,badWeather__blizzard,33,118
CDnet2014,badWeather__blizzard,34,1
CDnet2014,badWeather__blizzard,35,1
CDnet2014,badWeather__blizzard,36,1
CDnet2014,badWeather__blizzard,37,1
CDnet2014,badWeather__blizzard,38,1
CDnet2014,badWeather__blizzard,39,2
CDnet2014,badWeather__blizzard,40,1
CDnet2014,badWeather__blizzard,41,1
CDnet2014,badWeather__blizzard,42,3
CDnet2014,badWeather__blizzard,43,1
CDnet2014,badWeather__blizzard,44,174
CDnet2014,badWeather__blizzard,45,1
CDnet2014,badWeather__blizzard,46,1
CDnet2014,badWeather__blizzard,47,2
CDnet2014,badWeather__blizzard,48,2
CDnet2014,badWeather__blizzard,49,238
CDnet2014,badWeather__blizzard,50,2
CDnet2014,badWeather__blizzard,51,15
CDnet2014,badWeather__blizzard,52,1
CDnet2014,badWeather__blizzard,53,2
CDnet2014,badWeather__blizzard,54,15
CDnet2014,badWeather__blizzard,55,9
CDnet2014,badWeather__blizzard,56,7
CDnet2014,badWeather__blizzard,57,1
CDnet2014,badWeather__blizzard,58,1
CDnet2014,badWeather__blizzard,59,1
CDnet2014,badWeather__blizzard,60,17
CDnet2014,badWeather__blizzard,61,34
CDnet2014,badWeather__blizzard,62,1
CDnet2014,badWeather__blizzard,63,1
CDnet2014,badWeather__blizzard,64,2
CDnet2014,badWeather__blizzard,65,70
CDnet2014,badWeather__blizzard,66,1
CDnet2014,badWeather__blizzard,67,146
CDnet2014,badWeather__blizzard,68,109
CDnet2014,badWeather__blizzard,69,57
CDnet2014,badWeather__blizzard,70,19
CDnet2014,badWeather__blizzard,71,23
CDnet2014,badWeather__blizzard,72,1
CDnet2014,badWeather__blizzard,73,24
CDnet2014,badWeather__blizzard,74,4
CDnet2014,badWeather__blizzard,75,2
CDnet2014,badWeather__blizzard,76,1
CDnet2014,badWeather__blizzard,77,3
CDnet2014,badWeather__blizzard,78,66
CDnet2014,badWeather__blizzard,79,3
CDnet2014,badWeather__blizzard,80,53
CDnet2014,badWeather__blizzard,81,1
CDnet2014,badWeather__blizzard,82,72
CDnet2014,badWeather__skating,0,3100
CDnet2014,badWeather__snowFall,0,303
CDnet2014,badWeather__snowFall,1,5
CDnet2014,badWeather__snowFall,2,2
CDnet2014,badWeather__snowFall,3,1
CDnet2014,badWeather__snowFall,4,1
CDnet2014,badWeather__snowFall,5,1
CDnet2014,badWeather__snowFall,6,3
CDnet2014,badWeather__snowFall,7,141
CDnet2014,badWeather__snowFall,8,112
CDnet2014,badWeather__snowFall,9,110
CDnet2014,badWeather__snowFall,10,2
CDnet2014,badWeather__snowFall,11,1
CDnet2014,badWeather__snowFall,12,218
CDnet2014,badWeather__snowFall,13,1
CDnet2014,badWeather__snowFall,14,237
CDnet2014,badWeather__snowFall,15,1
CDnet2014,badWeather__snowFall,16,1
CDnet2014,badWeather__snowFall,17,12
CDnet2014,badWeather__snowFall,18,2
CDnet2014,badWeather__snowFall,19,1
CDnet2014,badWeather__snowFall,20,1
CDnet2014,badWeather__snowFall,21,103
CDnet2014,badWeather__snowFall,22,111
CDnet2014,badWeather__snowFall,23,1
CDnet2014,badWeather__snowFall,24,1
CDnet2014,badWeather__snowFall,25,132
CDnet2014,badWeather__snowFall,26,2
CDnet2014,badWeather__snowFall,27,27
CDnet2014,badWeather__snowFall,28,3
CDnet2014,badWeather__snowFall,29,6
CDnet2014,badWeather__snowFall,30,4
CDnet2014,badWeather__snowFall,31,1
CDnet2014,badWeather__snowFall,32,37
CDnet2014,badWeather__snowFall,33,24
CDnet2014,badWeather__wetSnow,0,378
CDnet2014,badWeather__wetSnow,1,51
CDnet2014,badWeather__wetSnow,2,28
CDnet2014,badWeather__wetSnow,3,4
CDnet2014,badWeather__wetSnow,4,14
CDnet2014,badWeather__wetSnow,5,1
CDnet2014,badWeather__wetSnow,6,3
CDnet2014,badWeather__wetSnow,7,9
CDnet2014,badWeather__wetSnow,8,11
CDnet2014,badWeather__wetSnow,9,242
CDnet2014,badWeather__wetSnow,10,3
CDnet2014,badWeather__wetSnow,11,3
CDnet2014,badWeather__wetSnow,12,4
CDnet2014,badWeather__wetSnow,13,44
CDnet2014,badWeather__wetSnow,14,23
CDnet2014,badWeather__wetSnow,15,1
CDnet2014,badWeather__wetSnow,16,7
CDnet2014,badWeather__wetSnow,17,7
CDnet2014,badWeather__wetSnow,18,21
CDnet2014,badWeather__wetSnow,19,9
CDnet2014,badWeather__wetSnow,20,1
CDnet2014,badWeather__wetSnow,21,1
CDnet2014,badWeather__wetSnow,22,1
CDnet2014,badWeather__wetSnow,23,1
CDnet2014,badWeather__wetSnow,24,1
CDnet2014,badWeather__wetSnow,25,38
CDnet2014,badWeather__wetSnow,26,2
CDnet2014,badWeather__wetSnow,27,1
CDnet2014,badWeather__wetSnow,28,54
CDnet2014,badWeather__wetSnow,29,4
CDnet2014,badWeather__wetSnow,30,44
CDnet2014,badWeather__wetSnow,31,2
CDnet2014,badWeather__wetSnow,32,1
CDnet2014,badWeather__wetSnow,33,2
CDnet2014,badWeather__wetSnow,34,1
CDnet2014,badWeather__wetSnow,35,30
CDnet2014,badWeather__wetSnow,36,2
CDnet2014,badWeather__wetSnow,37,1
CDnet2014,badWeather__wetSnow,38,11
CDnet2014,badWeather__wetSnow,39,5
CDnet2014,badWeather__wetSnow,40,127
CDnet2014,badWeather__wetSnow,41,87
CDnet2014,badWeather__wetSnow,42,158
CDnet2014,badWeather__wetSnow,43,4
CDnet2014,badWeather__wetSnow,44,12
CDnet2014,badWeather__wetSnow,45,35
CDnet2014,badWeather__wetSnow,46,1
CDnet2014,badWeather__wetSnow,47,1
CDnet2014,badWeather__wetSnow,48,1
CDnet2014,badWeather__wetSnow,49,40
CDnet2014,badWeather__wetSnow,50,632
CDnet2014,badWeather__wetSnow,51,190
CDnet2014,badWeather__wetSnow,52,143
CDnet2014,badWeather__wetSnow,53,6
CDnet2014,badWeather__wetSnow,54,4
CDnet2014,badWeather__wetSnow,55,26
CDnet2014,badWeather__wetSnow,56,274
CDnet2014,badWeather__wetSnow,57,4
CDnet2014,badWeather__wetSnow,58,91
CDnet2014,baseline__highway,0,5
CDnet2014,baseline__highway,1,1
CDnet2014,baseline__highway,2,3
CDnet2014,baseline__highway,3,24
CDnet2014,baseline__highway,4,1186
CDnet2014,baseline__office,0,1480
CDnet2014,baseline__pedestrians,0,799
CDnet2014,baseline__PETS2006,0,893
CDnet2014,baseline__PETS2006,1,1
CDnet2014,baseline__PETS2006,2,1
CDnet2014,cameraJitter__badminton,0,18
CDnet2014,cameraJitter__badminton,1,18
CDnet2014,cameraJitter__badminton,2,312
CDnet2014,cameraJitter__boulevard,0,7
CDnet2014,cameraJitter__boulevard,1,5
CDnet2014,cameraJitter__boulevard,2,179
CDnet2014,cameraJitter__boulevard,3,1
CDnet2014,cameraJitter__boulevard,4,1
CDnet2014,cameraJitter__boulevard,5,2
CDnet2014,cameraJitter__boulevard,6,1
CDnet2014,cameraJitter__boulevard,7,1
CDnet2014,cameraJitter__boulevard,8,2
CDnet2014,cameraJitter__boulevard,9,1
CDnet2014,cameraJitter__boulevard,10,2
CDnet2014,cameraJitter__boulevard,11,7
CDnet2014,cameraJitter__boulevard,12,3
CDnet2014,cameraJitter__boulevard,13,1
CDnet2014,cameraJitter__boulevard,14,2
CDnet2014,cameraJitter__boulevard,15,10
CDnet2014,cameraJitter__boulevard,16,84
CDnet2014,cameraJitter__boulevard,17,13
CDnet2014,cameraJitter__boulevard,18,5
CDnet2014,cameraJitter__boulevard,19,7
CDnet2014,cameraJitter__boulevard,20,4
CDnet2014,cameraJitter__boulevard,21,1
CDnet2014,cameraJitter__boulevard,22,2
CDnet2014,cameraJitter__boulevard,23,1
CDnet2014,cameraJitter__boulevard,24,7
CDnet2014,cameraJitter__boulevard,25,3
CDnet2014,cameraJitter__boulevard,26,1
CDnet2014,cameraJitter__boulevard,27,1
CDnet2014,cameraJitter__boulevard,28,1
CDnet2014,cameraJitter__boulevard,29,2
CDnet2014,cameraJitter__boulevard,30,2
CDnet2014,cameraJitter__boulevard,31,3
CDnet2014,cameraJitter__boulevard,32,1
CDnet2014,cameraJitter__boulevard,33,1
CDnet2014,cameraJitter__boulevard,34,1
CDnet2014,cameraJitter__boulevard,35,1
CDnet2014,cameraJitter__boulevard,36,4
CDnet2014,cameraJitter__boulevard,37,2
CDnet2014,cameraJitter__boulevard,38,16
CDnet2014,cameraJitter__boulevard,39,41
CDnet2014,cameraJitter__boulevard,40,21
CDnet2014,cameraJitter__boulevard,41,20
CDnet2014,cameraJitter__boulevard,42,8
CDnet2014,cameraJitter__boulevard,43,1
CDnet2014,cameraJitter__boulevard,44,2
CDnet2014,cameraJitter__boulevard,45,7
CDnet2014,cameraJitter__boulevard,46,1
CDnet2014,cameraJitter__boulevard,47,14
CDnet2014,cameraJitter__boulevard,48,4
CDnet2014,cameraJitter__boulevard,49,1
CDnet2014,cameraJitter__boulevard,50,2
CDnet2014,cameraJitter__boulevard,51,7
CDnet2014,cameraJitter__boulevard,52,1
CDnet2014,cameraJitter__boulevard,53,9
CDnet2014,cameraJitter__boulevard,54,1
CDnet2014,cameraJitter__boulevard,55,1
CDnet2014,cameraJitter__boulevard,56,4
CDnet2014,cameraJitter__boulevard,57,2
CDnet2014,cameraJitter__boulevard,58,1
CDnet2014,cameraJitter__boulevard,59,2
CDnet2014,cameraJitter__boulevard,60,16
CDnet2014,cameraJitter__boulevard,61,2
CDnet2014,cameraJitter__boulevard,62,2
CDnet2014,cameraJitter__boulevard,63,62
CDnet2014,cameraJitter__boulevard,64,1
CDnet2014,cameraJitter__boulevard,65,2
CDnet2014,cameraJitter__boulevard,66,11
CDnet2014,cameraJitter__boulevard,67,1
CDnet2014,cameraJitter__boulevard,68,1
CDnet2014,cameraJitter__boulevard,69,1
CDnet2014,cameraJitter__boulevard,70,2
CDnet2014,cameraJitter__boulevard,71,2
CDnet2014,cameraJitter__boulevard,72,1
CDnet2014,cameraJitter__boulevard,73,1
CDnet2014,cameraJitter__boulevard,74,2
CDnet2014,cameraJitter__boulevard,75,1
CDnet2014,cameraJitter__boulevard,76,1
CDnet2014,cameraJitter__boulevard,77,3
CDnet2014,cameraJitter__boulevard,78,1
CDnet2014,cameraJitter__boulevard,79,1
CDnet2014,cameraJitter__boulevard,80,7
CDnet2014,cameraJitter__boulevard,81,1
CDnet2014,cameraJitter__boulevard,82,2
CDnet2014,cameraJitter__boulevard,83,5
CDnet2014,cameraJitter__boulevard,84,2
CDnet2014,cameraJitter__boulevard,85,8
CDnet2014,cameraJitter__boulevard,86,3
CDnet2014,cameraJitter__boulevard,87,1
CDnet2014,cameraJitter__boulevard,88,1
CDnet2014,cameraJitter__boulevard,89,1
CDnet2014,cameraJitter__boulevard,90,1
CDnet2014,cameraJitter__boulevard,91,3
CDnet2014,cameraJitter__boulevard,92,1
CDnet2014,cameraJitter__boulevard,93,8
CDnet2014,cameraJitter__boulevard,94,9
CDnet2014,cameraJitter__boulevard,95,7
CDnet2014,cameraJitter__boulevard,96,1
CDnet2014,cameraJitter__boulevard,97,1
CDnet2014,cameraJitter__boulevard,98,3
CDnet2014,cameraJitter__boulevard,99,2
CDnet2014,cameraJitter__boulevard,100,1
CDnet2014,cameraJitter__boulevard,101,5
CDnet2014,cameraJitter__boulevard,102,1
CDnet2014,cameraJitter__boulevard,103,1
CDnet2014,cameraJitter__boulevard,104,1
CDnet2014,cameraJitter__boulevard,105,9
CDnet2014,cameraJitter__boulevard,106,2
CDnet2014,cameraJitter__boulevard,107,2
CDnet2014,cameraJitter__boulevard,108,2
CDnet2014,cameraJitter__boulevard,109,10
CDnet2014,cameraJitter__boulevard,110,2
CDnet2014,cameraJitter__boulevard,111,4
CDnet2014,cameraJitter__boulevard,112,10
CDnet2014,cameraJitter__boulevard,113,1
CDnet2014,cameraJitter__boulevard,114,10
CDnet2014,cameraJitter__boulevard,115,2
CDnet2014,cameraJitter__boulevard,116,1
CDnet2014,cameraJitter__boulevard,117,1
CDnet2014,cameraJitter__boulevard,118,2
CDnet2014,cameraJitter__boulevard,119,1
CDnet2014,cameraJitter__boulevard,120,2
CDnet2014,cameraJitter__boulevard,121,1
CDnet2014,cameraJitter__boulevard,122,1
CDnet2014,cameraJitter__boulevard,123,1
CDnet2014,cameraJitter__boulevard,124,1
CDnet2014,cameraJitter__boulevard,125,23
CDnet2014,cameraJitter__boulevard,126,1
CDnet2014,cameraJitter__boulevard,127,2
CDnet2014,cameraJitter__boulevard,128,1
CDnet2014,cameraJitter__boulevard,129,2
CDnet2014,cameraJitter__boulevard,130,1
CDnet2014,cameraJitter__boulevard,131,1
CDnet2014,cameraJitter__boulevard,132,2
CDnet2014,cameraJitter__boulevard,133,1
CDnet2014,cameraJitter__boulevard,134,21
CDnet2014,cameraJitter__boulevard,135,1
CDnet2014,cameraJitter__boulevard,136,1
CDnet2014,cameraJitter__boulevard,137,1
CDnet2014,cameraJitter__boulevard,138,1
CDnet2014,cameraJitter__boulevard,139,1
CDnet2014,cameraJitter__boulevard,140,2
CDnet2014,cameraJitter__boulevard,141,2
CDnet2014,cameraJitter__boulevard,142,1
CDnet2014,cameraJitter__boulevard,143,1
CDnet2014,cameraJitter__boulevard,144,1
CDnet2014,cameraJitter__boulevard,145,2
CDnet2014,cameraJitter__boulevard,146,2
CDnet2014,cameraJitter__boulevard,147,4
CDnet2014,cameraJitter__boulevard,148,2
CDnet2014,cameraJitter__boulevard,149,4
CDnet2014,cameraJitter__boulevard,150,1
CDnet2014,cameraJitter__boulevard,151,1
CDnet2014,cameraJitter__boulevard,152,2
CDnet2014,cameraJitter__boulevard,153,1
CDnet2014,cameraJitter__boulevard,154,1
CDnet2014,cameraJitter__boulevard,155,1
CDnet2014,cameraJitter__boulevard,156,47
CDnet2014,cameraJitter__boulevard,157,1
CDnet2014,cameraJitter__boulevard,158,8
CDnet2014,cameraJitter__boulevard,159,9
CDnet2014,cameraJitter__boulevard,160,2
CDnet2014,cameraJitter__boulevard,161,1
CDnet2014,cameraJitter__boulevard,162,2
CDnet2014,cameraJitter__boulevard,163,2
CDnet2014,cameraJitter__boulevard,164,2
CDnet2014,cameraJitter__boulevard,165,1
CDnet2014,cameraJitter__boulevard,166,6
CDnet2014,cameraJitter__boulevard,167,5
CDnet2014,cameraJitter__boulevard,168,7
CDnet2014,cameraJitter__boulevard,169,1
CDnet2014,cameraJitter__boulevard,170,3
CDnet2014,cameraJitter__boulevard,171,4
CDnet2014,cameraJitter__boulevard,172,4
CDnet2014,cameraJitter__boulevard,173,1
CDnet2014,cameraJitter__boulevard,174,5
CDnet2014,cameraJitter__boulevard,175,1
CDnet2014,cameraJitter__boulevard,176,2
CDnet2014,cameraJitter__boulevard,177,4
CDnet2014,cameraJitter__boulevard,178,90
CDnet2014,cameraJitter__boulevard,179,4
CDnet2014,cameraJitter__boulevard,180,1
CDnet2014,cameraJitter__boulevard,181,2
CDnet2014,cameraJitter__boulevard,182,2
CDnet2014,cameraJitter__boulevard,183,2
CDnet2014,cameraJitter__boulevard,184,1
CDnet2014,cameraJitter__boulevard,185,2
CDnet2014,cameraJitter__boulevard,186,1
CDnet2014,cameraJitter__boulevard,187,54
CDnet2014,cameraJitter__boulevard,188,4
CDnet2014,cameraJitter__boulevard,189,76
CDnet2014,cameraJitter__boulevard,190,1
CDnet2014,cameraJitter__boulevard,191,1
CDnet2014,cameraJitter__boulevard,192,6
CDnet2014,cameraJitter__boulevard,193,1
CDnet2014,cameraJitter__boulevard,194,2
CDnet2014,cameraJitter__boulevard,195,1
CDnet2014,cameraJitter__boulevard,196,2
CDnet2014,cameraJitter__boulevard,197,1
CDnet2014,cameraJitter__boulevard,198,1
CDnet2014,cameraJitter__boulevard,199,1
CDnet2014,cameraJitter__boulevard,200,2
CDnet2014,cameraJitter__boulevard,201,78
CDnet2014,cameraJitter__boulevard,202,34
CDnet2014,cameraJitter__sidewalk,0,198
CDnet2014,cameraJitter__sidewalk,1,3
CDnet2014,cameraJitter__sidewalk,2,197
CDnet2014,cameraJitter__traffic,0,1
CDnet2014,cameraJitter__traffic,1,1
CDnet2014,cameraJitter__traffic,2,1
CDnet2014,cameraJitter__traffic,3,1
CDnet2014,cameraJitter__traffic,4,3
CDnet2014,cameraJitter__traffic,5,16
CDnet2014,cameraJitter__traffic,6,3
CDnet2014,cameraJitter__traffic,7,10
CDnet2014,cameraJitter__traffic,8,5
CDnet2014,cameraJitter__traffic,9,4
CDnet2014,cameraJitter__traffic,10,1
CDnet2014,cameraJitter__traffic,11,1
CDnet2014,cameraJitter__traffic,12,3
CDnet2014,cameraJitter__traffic,13,3
CDnet2014,cameraJitter__traffic,14,2
CDnet2014,cameraJitter__traffic,15,2
CDnet2014,cameraJitter__traffic,16,1
CDnet2014,cameraJitter__traffic,17,2
CDnet2014,cameraJitter__traffic,18,18
CDnet2014,cameraJitter__traffic,19,1
CDnet2014,cameraJitter__traffic,20,1
CDnet2014,cameraJitter__traffic,21,3
CDnet2014,cameraJitter__traffic,22,1
CDnet2014,cameraJitter__traffic,23,1
CDnet2014,cameraJitter__traffic,24,1
CDnet2014,cameraJitter__traffic,25,18
CDnet2014,cameraJitter__traffic,26,1
CDnet2014,cameraJitter__traffic,27,2
CDnet2014,cameraJitter__traffic,28,1
CDnet2014,cameraJitter__traffic,29,1
CDnet2014,cameraJitter__traffic,30,4
CDnet2014,cameraJitter__traffic,31,4
CDnet2014,cameraJitter__traffic,32,3
CDnet2014,cameraJitter__traffic,33,1
CDnet2014,cameraJitter__traffic,34,4
CDnet2014,cameraJitter__traffic,35,3
CDnet2014,cameraJitter__traffic,36,3
CDnet2014,cameraJitter__traffic,37,1
CDnet2014,cameraJitter__traffic,38,1
CDnet2014,cameraJitter__traffic,39,1
CDnet2014,cameraJitter__traffic,40,1
CDnet2014,cameraJitter__traffic,41,7
CDnet2014,cameraJitter__traffic,42,5
CDnet2014,cameraJitter__traffic,43,3
CDnet2014,cameraJitter__traffic,44,3
CDnet2014,cameraJitter__traffic,45,3
CDnet2014,cameraJitter__traffic,46,30
CDnet2014,cameraJitter__traffic,47,1
CDnet2014,cameraJitter__traffic,48,1
CDnet2014,cameraJitter__traffic,49,1
CDnet2014,cameraJitter__traffic,50,2
CDnet2014,cameraJitter__traffic,51,7
CDnet2014,cameraJitter__traffic,52,10
CDnet2014,cameraJitter__traffic,53,4
CDnet2014,cameraJitter__traffic,54,1
CDnet2014,cameraJitter__traffic,55,1
CDnet2014,cameraJitter__traffic,56,2
CDnet2014,cameraJitter__traffic,57,1
CDnet2014,cameraJitter__traffic,58,3
CDnet2014,cameraJitter__traffic,59,16
CDnet2014,cameraJitter__traffic,60,1
CDnet2014,cameraJitter__traffic,61,1
CDnet2014,cameraJitter__traffic,62,1
CDnet2014,cameraJitter__traffic,63,2
CDnet2014,cameraJitter__traffic,64,2
CDnet2014,cameraJitter__traffic,65,2
CDnet2014,cameraJitter__traffic,66,7
CDnet2014,cameraJitter__traffic,67,5
CDnet2014,cameraJitter__traffic,68,1
CDnet2014,cameraJitter__traffic,69,1
CDnet2014,cameraJitter__traffic,70,4
CDnet2014,cameraJitter__traffic,71,11
CDnet2014,cameraJitter__traffic,72,1
CDnet2014,cameraJitter__traffic,73,1
CDnet2014,cameraJitter__traffic,74,1
CDnet2014,cameraJitter__traffic,75,1
CDnet2014,cameraJitter__traffic,76,1
CDnet2014,cameraJitter__traffic,77,2
CDnet2014,cameraJitter__traffic,78,1
CDnet2014,cameraJitter__traffic,79,5
CDnet2014,cameraJitter__traffic,80,3
CDnet2014,cameraJitter__traffic,81,1
CDnet2014,cameraJitter__traffic,82,1
CDnet2014,cameraJitter__traffic,83,3
CDnet2014,cameraJitter__traffic,84,2
CDnet2014,cameraJitter__traffic,85,10
CDnet2014,cameraJitter__traffic,86,3
CDnet2014,cameraJitter__traffic,87,2
CDnet2014,cameraJitter__traffic,88,1
CDnet2014,cameraJitter__traffic,89,1
CDnet2014,cameraJitter__traffic,90,1
CDnet2014,cameraJitter__traffic,91,2
CDnet2014,cameraJitter__traffic,92,39
CDnet2014,dynamicBackground__boats,0,18
CDnet2014,dynamicBackground__boats,1,6
CDnet2014,dynamicBackground__boats,2,4
CDnet2014,dynamicBackground__boats,3,1
CDnet2014,dynamicBackground__boats,4,95
CDnet2014,dynamicBackground__boats,5,137
CDnet2014,dynamicBackground__boats,6,3
CDnet2014,dynamicBackground__boats,7,6
CDnet2014,dynamicBackground__boats,8,1
CDnet2014,dynamicBackground__boats,9,32
CDnet2014,dynamicBackground__boats,10,7
CDnet2014,dynamicBackground__boats,11,74
CDnet2014,dynamicBackground__boats,12,18
CDnet2014,dynamicBackground__boats,13,1
CDnet2014,dynamicBackground__boats,14,5
CDnet2014,dynamicBackground__boats,15,1
CDnet2014,dynamicBackground__boats,16,4
CDnet2014,dynamicBackground__boats,17,60
CDnet2014,dynamicBackground__boats,18,12
CDnet2014,dynamicBackground__boats,19,11
CDnet2014,dynamicBackground__boats,20,20
CDnet2014,dynamicBackground__boats,21,157
CDnet2014,dynamicBackground__boats,22,8
CDnet2014,dynamicBackground__boats,23,2
CDnet2014,dynamicBackground__boats,24,2
CDnet2014,dynamicBackground__boats,25,67
CDnet2014,dynamicBackground__boats,26,37
CDnet2014,dynamicBackground__boats,27,17
CDnet2014,dynamicBackground__boats,28,1
CDnet2014,dynamicBackground__boats,29,88
CDnet2014,dynamicBackground__boats,30,169
CDnet2014,dynamicBackground__boats,31,28
CDnet2014,dynamicBackground__boats,32,2
CDnet2014,dynamicBackground__boats,33,9
CDnet2014,dynamicBackground__boats,34,6
CDnet2014,dynamicBackground__boats,35,5
CDnet2014,dynamicBackground__boats,36,5
CDnet2014,dynamicBackground__boats,37,10
CDnet2014,dynamicBackground__boats,38,2
CDnet2014,dynamicBackground__boats,39,7
CDnet2014,dynamicBackground__boats,40,13
CDnet2014,dynamicBackground__boats,41,70
CDnet2014,dynamicBackground__boats,42,12
CDnet2014,dynamicBackground__boats,43,1
CDnet2014,dynamicBackground__boats,44,73
CDnet2014,dynamicBackground__boats,45,20
CDnet2014,dynamicBackground__boats,46,26
CDnet2014,dynamicBackground__boats,47,6
CDnet2014,dynamicBackground__boats,48,6
CDnet2014,dynamicBackground__boats,49,104
CDnet2014,dynamicBackground__boats,50,22
CDnet2014,dynamicBackground__boats,51,3
CDnet2014,dynamicBackground__boats,52,83
CDnet2014,dynamicBackground__boats,53,2
CDnet2014,dynamicBackground__boats,54,28
CDnet2014,dynamicBackground__boats,55,34
CDnet2014,dynamicBackground__boats,56,29
CDnet2014,dynamicBackground__boats,57,2
CDnet2014,dynamicBackground__boats,58,1
CDnet2014,dynamicBackground__boats,59,3
CDnet2014,dynamicBackground__boats,60,4
CDnet2014,dynamicBackground__boats,61,24
CDnet2014,dynamicBackground__boats,62,2
CDnet2014,dynamicBackground__boats,63,3
CDnet2014,dynamicBackground__boats,64,10
CDnet2014,dynamicBackground__boats,65,5
CDnet2014,dynamicBackground__boats,66,4
CDnet2014,dynamicBackground__boats,67,36
CDnet2014,dynamicBackground__boats,68,68
CDnet2014,dynamicBackground__boats,69,2
CDnet2014,dynamicBackground__boats,70,2
CDnet2014,dynamicBackground__boats,71,1
CDnet2014,dynamicBackground__boats,72,1
CDnet2014,dynamicBackground__boats,73,1
CDnet2014,dynamicBackground__boats,74,124
CDnet2014,dynamicBackground__boats,75,46
CDnet2014,dynamicBackground__boats,76,23
CDnet2014,dynamicBackground__boats,77,3
CDnet2014,dynamicBackground__boats,78,18
CDnet2014,dynamicBackground__boats,79,4
CDnet2014,dynamicBackground__boats,80,18
CDnet2014,dynamicBackground__boats,81,2
CDnet2014,dynamicBackground__boats,82,3
CDnet2014,dynamicBackground__boats,83,28
CDnet2014,dynamicBackground__boats,84,12
CDnet2014,dynamicBackground__boats,85,1
CDnet2014,dynamicBackground__boats,86,1
CDnet2014,dynamicBackground__boats,87,1
CDnet2014,dynamicBackground__boats,88,1
CDnet2014,dynamicBackground__boats,89,1
CDnet2014,dynamicBackground__boats,90,49
CDnet2014,dynamicBackground__boats,91,1
CDnet2014,dynamicBackground__boats,92,1
CDnet2014,dynamicBackground__boats,93,75
CDnet2014,dynamicBackground__boats,94,327
CDnet2014,dynamicBackground__boats,95,49
CDnet2014,dynamicBackground__boats,96,97
CDnet2014,dynamicBackground__boats,97,1
CDnet2014,dynamicBackground__boats,98,137
CDnet2014,dynamicBackground__boats,99,2
CDnet2014,dynamicBackground__boats,100,3
CDnet2014,dynamicBackground__boats,101,1
CDnet2014,dynamicBackground__boats,102,95
CDnet2014,dynamicBackground__boats,103,2
CDnet2014,dynamicBackground__boats,104,8
CDnet2014,dynamicBackground__boats,105,2
CDnet2014,dynamicBackground__boats,106,1
CDnet2014,dynamicBackground__boats,107,1
CDnet2014,dynamicBackground__boats,108,65
CDnet2014,dynamicBackground__boats,109,7
CDnet2014,dynamicBackground__boats,110,128
CDnet2014,dynamicBackground__boats,111,15
CDnet2014,dynamicBackground__boats,112,30
CDnet2014,dynamicBackground__boats,113,170
CDnet2014,dynamicBackground__boats,114,121
CDnet2014,dynamicBackground__boats,115,7
CDnet2014,dynamicBackground__boats,116,1
CDnet2014,dynamicBackground__boats,117,71
CDnet2014,dynamicBackground__boats,118,129
CDnet2014,dynamicBackground__boats,119,33
CDnet2014,dynamicBackground__boats,120,3
CDnet2014,dynamicBackground__boats,121,2
CDnet2014,dynamicBackground__boats,122,1
CDnet2014,dynamicBackground__boats,123,6
CDnet2014,dynamicBackground__boats,124,41
CDnet2014,dynamicBackground__boats,125,1
CDnet2014,dynamicBackground__boats,126,1
CDnet2014,dynamicBackground__boats,127,193
CDnet2014,dynamicBackground__boats,128,78
CDnet2014,dynamicBackground__boats,129,2
CDnet2014,dynamicBackground__boats,130,25
CDnet2014,dynamicBackground__boats,131,227
CDnet2014,dynamicBackground__boats,132,5
CDnet2014,dynamicBackground__boats,133,9
CDnet2014,dynamicBackground__boats,134,13
CDnet2014,dynamicBackground__boats,135,3
CDnet2014,dynamicBackground__boats,136,74
CDnet2014,dynamicBackground__boats,137,2
CDnet2014,dynamicBackground__boats,138,42
CDnet2014,dynamicBackground__boats,139,79
CDnet2014,dynamicBackground__boats,140,15
CDnet2014,dynamicBackground__boats,141,1
CDnet2014,dynamicBackground__boats,142,38
CDnet2014,dynamicBackground__boats,143,84
CDnet2014,dynamicBackground__boats,144,1130
CDnet2014,dynamicBackground__canoe,0,245
CDnet2014,dynamicBackground__fall,0,3000
CDnet2014,dynamicBackground__fountain01,0,784
CDnet2014,dynamicBackground__fountain02,0,1
CDnet2014,dynamicBackground__fountain02,1,1
CDnet2014,dynamicBackground__fountain02,2,1
CDnet2014,dynamicBackground__fountain02,3,11
CDnet2014,dynamicBackground__fountain02,4,9
CDnet2014,dynamicBackground__fountain02,5,8
CDnet2014,dynamicBackground__fountain02,6,24
CDnet2014,dynamicBackground__fountain02,7,46
CDnet2014,dynamicBackground__fountain02,8,1
CDnet2014,dynamicBackground__fountain02,9,1
CDnet2014,dynamicBackground__fountain02,10,1
CDnet2014,dynamicBackground__fountain02,11,1
CDnet2014,dynamicBackground__fountain02,12,11
CDnet2014,dynamicBackground__fountain02,13,1
CDnet2014,dynamicBackground__fountain02,14,3
CDnet2014,dynamicBackground__fountain02,15,2
CDnet2014,dynamicBackground__fountain02,16,1
CDnet2014,dynamicBackground__fountain02,17,32
CDnet2014,dynamicBackground__overpass,0,1
CDnet2014,dynamicBackground__overpass,1,1
CDnet2014,dynamicBackground__overpass,2,493
CDnet2014,dynamicBackground__overpass,3,2
CDnet2014,dynamicBackground__overpass,4,5
CDnet2014,dynamicBackground__overpass,5,1
CDnet2014,dynamicBackground__overpass,6,1
CDnet2014,dynamicBackground__overpass,7,7
CDnet2014,dynamicBackground__overpass,8,72
CDnet2014,intermittentObjectMotion__abandonedBox,0,126
CDnet2014,intermittentObjectMotion__abandonedBox,1,88
CDnet2014,intermittentObjectMotion__abandonedBox,2,162
CDnet2014,intermittentObjectMotion__abandonedBox,3,118
CDnet2014,intermittentObjectMotion__abandonedBox,4,2
CDnet2014,intermittentObjectMotion__abandonedBox,5,549
CDnet2014,intermittentObjectMotion__abandonedBox,6,6
CDnet2014,intermittentObjectMotion__abandonedBox,7,990
CDnet2014,intermittentObjectMotion__parking,0,1400
CDnet2014,intermittentObjectMotion__sofa,0,2250
CDnet2014,intermittentObjectMotion__streetLight,0,1207
CDnet2014,intermittentObjectMotion__streetLight,1,174
CDnet2014,intermittentObjectMotion__streetLight,2,996
CDnet2014,intermittentObjectMotion__streetLight,3,1
CDnet2014,intermittentObjectMotion__streetLight,4,1
CDnet2014,intermittentObjectMotion__streetLight,5,52
CDnet2014,intermittentObjectMotion__streetLight,6,1
CDnet2014,intermittentObjectMotion__streetLight,7,56
CDnet2014,intermittentObjectMotion__streetLight,8,1
CDnet2014,intermittentObjectMotion__streetLight,9,1
CDnet2014,intermittentObjectMotion__streetLight,10,4
CDnet2014,intermittentObjectMotion__streetLight,11,261
CDnet2014,intermittentObjectMotion__streetLight,12,25
CDnet2014,intermittentObjectMotion__streetLight,13,225
CDnet2014,intermittentObjectMotion__tramstop,0,914
CDnet2014,intermittentObjectMotion__tramstop,1,2
CDnet2014,intermittentObjectMotion__tramstop,2,4
CDnet2014,intermittentObjectMotion__tramstop,3,532
CDnet2014,intermittentObjectMotion__tramstop,4,65
CDnet2014,intermittentObjectMotion__tramstop,5,2
CDnet2014,intermittentObjectMotion__tramstop,6,39
CDnet2014,intermittentObjectMotion__tramstop,7,25
CDnet2014,intermittentObjectMotion__tramstop,8,57
CDnet2014,intermittentObjectMotion__tramstop,9,40
CDnet2014,intermittentObjectMotion__tramstop,10,2
CDnet2014,intermittentObjectMotion__tramstop,11,32
CDnet2014,intermittentObjectMotion__tramstop,12,13
CDnet2014,intermittentObjectMotion__winterDriveway,0,1500
CDnet2014,lowFramerate__port_0_17fps,0,135
CDnet2014,lowFramerate__port_0_17fps,1,22
CDnet2014,lowFramerate__port_0_17fps,2,460
CDnet2014,lowFramerate__port_0_17fps,3,12
CDnet2014,lowFramerate__port_0_17fps,4,16
CDnet2014,lowFramerate__port_0_17fps,5,2
CDnet2014,lowFramerate__port_0_17fps,6,27
CDnet2014,lowFramerate__port_0_17fps,7,3
CDnet2014,lowFramerate__port_0_17fps,8,25
CDnet2014,lowFramerate__port_0_17fps,9,3
CDnet2014,lowFramerate__port_0_17fps,10,6
CDnet2014,lowFramerate__port_0_17fps,11,2
CDnet2014,lowFramerate__port_0_17fps,12,1
CDnet2014,lowFramerate__port_0_17fps,13,2
CDnet2014,lowFramerate__port_0_17fps,14,1
CDnet2014,lowFramerate__port_0_17fps,15,1
CDnet2014,lowFramerate__port_0_17fps,16,2
CDnet2014,lowFramerate__port_0_17fps,17,2
CDnet2014,lowFramerate__port_0_17fps,18,6
CDnet2014,lowFramerate__port_0_17fps,19,3
CDnet2014,lowFramerate__port_0_17fps,20,11
CDnet2014,lowFramerate__port_0_17fps,21,1
CDnet2014,lowFramerate__port_0_17fps,22,2
CDnet2014,lowFramerate__port_0_17fps,23,72
CDnet2014,lowFramerate__port_0_17fps,24,2
CDnet2014,lowFramerate__port_0_17fps,25,22
CDnet2014,lowFramerate__port_0_17fps,26,36
CDnet2014,lowFramerate__port_0_17fps,27,4
CDnet2014,lowFramerate__port_0_17fps,28,5
CDnet2014,lowFramerate__port_0_17fps,29,2
CDnet2014,lowFramerate__port_0_17fps,30,11
CDnet2014,lowFramerate__port_0_17fps,31,3
CDnet2014,lowFramerate__port_0_17fps,32,9
CDnet2014,lowFramerate__port_0_17fps,33,7
CDnet2014,lowFramerate__port_0_17fps,34,2
CDnet2014,lowFramerate__port_0_17fps,35,22
CDnet2014,lowFramerate__port_0_17fps,36,4
CDnet2014,lowFramerate__port_0_17fps,37,13
CDnet2014,lowFramerate__port_0_17fps,38,73
CDnet2014,lowFramerate__port_0_17fps,39,924
CDnet2014,lowFramerate__tramCrossroad_1fps,0,34
CDnet2014,lowFramerate__tramCrossroad_1fps,1,8
CDnet2014,lowFramerate__tramCrossroad_1fps,2,69
CDnet2014,lowFramerate__tramCrossroad_1fps,3,346
CDnet2014,lowFramerate__tramCrossroad_1fps,4,36
CDnet2014,lowFramerate__tunnelExit_0_35fps,0,2000
CDnet2014,lowFramerate__turnpike_0_5fps,0,420
CDnet2014,lowFramerate__turnpike_0_5fps,1,23
CDnet2014,lowFramerate__turnpike_0_5fps,2,3
CDnet2014,lowFramerate__turnpike_0_5fps,3,17
CDnet2014,lowFramerate__turnpike_0_5fps,4,3
CDnet2014,lowFramerate__turnpike_0_5fps,5,7
CDnet2014,lowFramerate__turnpike_0_5fps,6,2
CDnet2014,lowFramerate__turnpike_0_5fps,7,4
CDnet2014,lowFramerate__turnpike_0_5fps,8,21
CDnet2014,lowFramerate__turnpike_0_5fps,9,4
CDnet2014,lowFramerate__turnpike_0_5fps,10,7
CDnet2014,lowFramerate__turnpike_0_5fps,11,32
CDnet2014,lowFramerate__turnpike_0_5fps,12,12
CDnet2014,lowFramerate__turnpike_0_5fps,13,1
CDnet2014,lowFramerate__turnpike_0_5fps,14,18
CDnet2014,lowFramerate__turnpike_0_5fps,15,4
CDnet2014,lowFramerate__turnpike_0_5fps,16,25
CDnet2014,lowFramerate__turnpike_0_5fps,17,1
CDnet2014,lowFramerate__turnpike_0_5fps,18,2
CDnet2014,lowFramerate__turnpike_0_5fps,19,21
CDnet2014,lowFramerate__turnpike_0_5fps,20,28
CDnet2014,lowFramerate__turnpike_0_5fps,21,7
CDnet2014,lowFramerate__turnpike_0_5fps,22,2
CDnet2014,lowFramerate__turnpike_0_5fps,23,7
CDnet2014,nightVideos__bridgeEntry,0,1
CDnet2014,nightVideos__bridgeEntry,1,1
CDnet2014,nightVideos__bridgeEntry,2,2
CDnet2014,nightVideos__bridgeEntry,3,5
CDnet2014,nightVideos__bridgeEntry,4,1
CDnet2014,nightVideos__bridgeEntry,5,1
CDnet2014,nightVideos__bridgeEntry,6,6
CDnet2014,nightVideos__bridgeEntry,7,1
CDnet2014,nightVideos__bridgeEntry,8,9
CDnet2014,nightVideos__bridgeEntry,9,15
CDnet2014,nightVideos__bridgeEntry,10,1
CDnet2014,nightVideos__bridgeEntry,11,2
CDnet2014,nightVideos__bridgeEntry,12,1
CDnet2014,nightVideos__bridgeEntry,13,1
CDnet2014,nightVideos__bridgeEntry,14,2
CDnet2014,nightVideos__bridgeEntry,15,3
CDnet2014,nightVideos__bridgeEntry,16,2
CDnet2014,nightVideos__bridgeEntry,17,1
CDnet2014,nightVideos__bridgeEntry,18,1
CDnet2014,nightVideos__bridgeEntry,19,1
CDnet2014,nightVideos__bridgeEntry,20,1
CDnet2014,nightVideos__bridgeEntry,21,1
CDnet2014,nightVideos__bridgeEntry,22,3
CDnet2014,nightVideos__bridgeEntry,23,2
CDnet2014,nightVideos__bridgeEntry,24,2
CDnet2014,nightVideos__bridgeEntry,25,4
CDnet2014,nightVideos__bridgeEntry,26,1
CDnet2014,nightVideos__bridgeEntry,27,1
CDnet2014,nightVideos__bridgeEntry,28,6
CDnet2014,nightVideos__bridgeEntry,29,2
CDnet2014,nightVideos__bridgeEntry,30,9
CDnet2014,nightVideos__bridgeEntry,31,1
CDnet2014,nightVideos__bridgeEntry,32,1
CDnet2014,nightVideos__bridgeEntry,33,3
CDnet2014,nightVideos__bridgeEntry,34,11
CDnet2014,nightVideos__bridgeEntry,35,4
CDnet2014,nightVideos__bridgeEntry,36,5
CDnet2014,nightVideos__bridgeEntry,37,2
CDnet2014,nightVideos__bridgeEntry,38,21
CDnet2014,nightVideos__bridgeEntry,39,2
CDnet2014,nightVideos__bridgeEntry,40,1
CDnet2014,nightVideos__bridgeEntry,41,1
CDnet2014,nightVideos__bridgeEntry,42,1
CDnet2014,nightVideos__bridgeEntry,43,7
CDnet2014,nightVideos__bridgeEntry,44,1
CDnet2014,nightVideos__bridgeEntry,45,1
CDnet2014,nightVideos__bridgeEntry,46,1
CDnet2014,nightVideos__bridgeEntry,47,2
CDnet2014,nightVideos__bridgeEntry,48,3
CDnet2014,nightVideos__bridgeEntry,49,1
CDnet2014,nightVideos__bridgeEntry,50,1
CDnet2014,nightVideos__bridgeEntry,51,8
CDnet2014,nightVideos__bridgeEntry,52,3
CDnet2014,nightVideos__bridgeEntry,53,24
CDnet2014,nightVideos__bridgeEntry,54,7
CDnet2014,nightVideos__bridgeEntry,55,4
CDnet2014,nightVideos__bridgeEntry,56,2
CDnet2014,nightVideos__bridgeEntry,57,1
CDnet2014,nightVideos__bridgeEntry,58,21
CDnet2014,nightVideos__bridgeEntry,59,13
CDnet2014,nightVideos__bridgeEntry,60,4
CDnet2014,nightVideos__bridgeEntry,61,1
CDnet2014,nightVideos__bridgeEntry,62,2
CDnet2014,nightVideos__bridgeEntry,63,1
CDnet2014,nightVideos__bridgeEntry,64,1
CDnet2014,nightVideos__bridgeEntry,65,1
CDnet2014,nightVideos__bridgeEntry,66,1
CDnet2014,nightVideos__bridgeEntry,67,5
CDnet2014,nightVideos__bridgeEntry,68,7
CDnet2014,nightVideos__bridgeEntry,69,13
CDnet2014,nightVideos__bridgeEntry,70,6
CDnet2014,nightVideos__bridgeEntry,71,2
CDnet2014,nightVideos__bridgeEntry,72,2
CDnet2014,nightVideos__bridgeEntry,73,2
CDnet2014,nightVideos__bridgeEntry,74,2
CDnet2014,nightVideos__bridgeEntry,75,2
CDnet2014,nightVideos__bridgeEntry,76,3
CDnet2014,nightVideos__bridgeEntry,77,1
CDnet2014,nightVideos__bridgeEntry,78,3
CDnet2014,nightVideos__bridgeEntry,79,1
CDnet2014,nightVideos__bridgeEntry,80,1
CDnet2014,nightVideos__bridgeEntry,81,2
CDnet2014,nightVideos__bridgeEntry,82,2
CDnet2014,nightVideos__bridgeEntry,83,10
CDnet2014,nightVideos__bridgeEntry,84,1
CDnet2014,nightVideos__bridgeEntry,85,1
CDnet2014,nightVideos__bridgeEntry,86,2
CDnet2014,nightVideos__bridgeEntry,87,1
CDnet2014,nightVideos__bridgeEntry,88,1
CDnet2014,nightVideos__bridgeEntry,89,2
CDnet2014,nightVideos__bridgeEntry,90,4
CDnet2014,nightVideos__bridgeEntry,91,1
CDnet2014,nightVideos__bridgeEntry,92,1
CDnet2014,nightVideos__bridgeEntry,93,4
CDnet2014,nightVideos__bridgeEntry,94,2
CDnet2014,nightVideos__bridgeEntry,95,4
CDnet2014,nightVideos__bridgeEntry,96,3
CDnet2014,nightVideos__bridgeEntry,97,3
CDnet2014,nightVideos__bridgeEntry,98,2
CDnet2014,nightVideos__bridgeEntry,99,1
CDnet2014,nightVideos__bridgeEntry,100,1
CDnet2014,nightVideos__bridgeEntry,101,1
CDnet2014,nightVideos__bridgeEntry,102,2
CDnet2014,nightVideos__bridgeEntry,103,1
CDnet2014,nightVideos__bridgeEntry,104,3
CDnet2014,nightVideos__bridgeEntry,105,2
CDnet2014,nightVideos__bridgeEntry,106,26
CDnet2014,nightVideos__bridgeEntry,107,7
CDnet2014,nightVideos__bridgeEntry,108,4
CDnet2014,nightVideos__bridgeEntry,109,2
CDnet2014,nightVideos__bridgeEntry,110,1
CDnet2014,nightVideos__bridgeEntry,111,1
CDnet2014,nightVideos__bridgeEntry,112,1
CDnet2014,nightVideos__bridgeEntry,113,2
CDnet2014,nightVideos__bridgeEntry,114,3
CDnet2014,nightVideos__bridgeEntry,115,4
CDnet2014,nightVideos__bridgeEntry,116,1
CDnet2014,nightVideos__bridgeEntry,117,1
CDnet2014,nightVideos__bridgeEntry,118,1
CDnet2014,nightVideos__bridgeEntry,119,1
CDnet2014,nightVideos__bridgeEntry,120,1
CDnet2014,nightVideos__bridgeEntry,121,7
CDnet2014,nightVideos__bridgeEntry,122,2
CDnet2014,nightVideos__bridgeEntry,123,13
CDnet2014,nightVideos__bridgeEntry,124,1
CDnet2014,nightVideos__bridgeEntry,125,1
CDnet2014,nightVideos__bridgeEntry,126,23
CDnet2014,nightVideos__bridgeEntry,127,1
CDnet2014,nightVideos__bridgeEntry,128,2
CDnet2014,nightVideos__bridgeEntry,129,4
CDnet2014,nightVideos__bridgeEntry,130,1
CDnet2014,nightVideos__bridgeEntry,131,1
CDnet2014,nightVideos__bridgeEntry,132,1
CDnet2014,nightVideos__bridgeEntry,133,1
CDnet2014,nightVideos__bridgeEntry,134,3
CDnet2014,nightVideos__bridgeEntry,135,13
CDnet2014,nightVideos__bridgeEntry,136,3
CDnet2014,nightVideos__bridgeEntry,137,2
CDnet2014,nightVideos__bridgeEntry,138,4
CDnet2014,nightVideos__bridgeEntry,139,1
CDnet2014,nightVideos__bridgeEntry,140,6
CDnet2014,nightVideos__bridgeEntry,141,2
CDnet2014,nightVideos__bridgeEntry,142,7
CDnet2014,nightVideos__bridgeEntry,143,4
CDnet2014,nightVideos__bridgeEntry,144,2
CDnet2014,nightVideos__bridgeEntry,145,1
CDnet2014,nightVideos__bridgeEntry,146,1
CDnet2014,nightVideos__bridgeEntry,147,1
CDnet2014,nightVideos__bridgeEntry,148,1
CDnet2014,nightVideos__bridgeEntry,149,4
CDnet2014,nightVideos__bridgeEntry,150,1
CDnet2014,nightVideos__bridgeEntry,151,1
CDnet2014,nightVideos__bridgeEntry,152,2
CDnet2014,nightVideos__bridgeEntry,153,1
CDnet2014,nightVideos__bridgeEntry,154,1
CDnet2014,nightVideos__bridgeEntry,155,1
CDnet2014,nightVideos__bridgeEntry,156,1
CDnet2014,nightVideos__bridgeEntry,157,1
CDnet2014,nightVideos__bridgeEntry,158,1
CDnet2014,nightVideos__bridgeEntry,159,1
CDnet2014,nightVideos__bridgeEntry,160,1
CDnet2014,nightVideos__bridgeEntry,161,1
CDnet2014,nightVideos__bridgeEntry,162,1
CDnet2014,nightVideos__bridgeEntry,163,1
CDnet2014,nightVideos__bridgeEntry,164,2
CDnet2014,nightVideos__bridgeEntry,165,1
CDnet2014,nightVideos__bridgeEntry,166,1
CDnet2014,nightVideos__bridgeEntry,167,1
CDnet2014,nightVideos__busyBoulvard,0,1
CDnet2014,nightVideos__busyBoulvard,1,2
CDnet2014,nightVideos__busyBoulvard,2,1
CDnet2014,nightVideos__busyBoulvard,3,2
CDnet2014,nightVideos__busyBoulvard,4,1
CDnet2014,nightVideos__busyBoulvard,5,3
CDnet2014,nightVideos__busyBoulvard,6,2
CDnet2014,nightVideos__busyBoulvard,7,2
CDnet2014,nightVideos__busyBoulvard,8,1
CDnet2014,nightVideos__busyBoulvard,9,1
CDnet2014,nightVideos__busyBoulvard,10,1
CDnet2014,nightVideos__busyBoulvard,11,1
CDnet2014,nightVideos__busyBoulvard,12,1
CDnet2014,nightVideos__busyBoulvard,13,1
CDnet2014,nightVideos__busyBoulvard,14,5
CDnet2014,nightVideos__busyBoulvard,15,1
CDnet2014,nightVideos__busyBoulvard,16,1
CDnet2014,nightVideos__busyBoulvard,17,1
CDnet2014,nightVideos__busyBoulvard,18,1
CDnet2014,nightVideos__busyBoulvard,19,1
CDnet2014,nightVideos__busyBoulvard,20,1
CDnet2014,nightVideos__busyBoulvard,21,2
CDnet2014,nightVideos__busyBoulvard,22,1
CDnet2014,nightVideos__busyBoulvard,23,1
CDnet2014,nightVideos__busyBoulvard,24,2
CDnet2014,nightVideos__busyBoulvard,25,1
CDnet2014,nightVideos__busyBoulvard,26,1
CDnet2014,nightVideos__busyBoulvard,27,1
CDnet2014,nightVideos__busyBoulvard,28,3
CDnet2014,nightVideos__busyBoulvard,29,2
CDnet2014,nightVideos__busyBoulvard,30,1
CDnet2014,nightVideos__busyBoulvard,31,2
CDnet2014,nightVideos__busyBoulvard,32,2
CDnet2014,nightVideos__busyBoulvard,33,3
CDnet2014,nightVideos__busyBoulvard,34,1
CDnet2014,nightVideos__busyBoulvard,35,1
CDnet2014,nightVideos__busyBoulvard,36,1
CDnet2014,nightVideos__busyBoulvard,37,1
CDnet2014,nightVideos__busyBoulvard,38,1
CDnet2014,nightVideos__busyBoulvard,39,1
CDnet2014,nightVideos__busyBoulvard,40,1
CDnet2014,nightVideos__busyBoulvard,41,2
CDnet2014,nightVideos__busyBoulvard,42,1
CDnet2014,nightVideos__busyBoulvard,43,6
CDnet2014,nightVideos__busyBoulvard,44,1
CDnet2014,nightVideos__busyBoulvard,45,2
CDnet2014,nightVideos__busyBoulvard,46,1
CDnet2014,nightVideos__busyBoulvard,47,3
CDnet2014,nightVideos__busyBoulvard,48,4
CDnet2014,nightVideos__busyBoulvard,49,1
CDnet2014,nightVideos__busyBoulvard,50,1
CDnet2014,nightVideos__busyBoulvard,51,2
CDnet2014,nightVideos__busyBoulvard,52,1
CDnet2014,nightVideos__busyBoulvard,53,2
CDnet2014,nightVideos__busyBoulvard,54,1
CDnet2014,nightVideos__busyBoulvard,55,2
CDnet2014,nightVideos__busyBoulvard,56,5
CDnet2014,nightVideos__busyBoulvard,57,2
CDnet2014,nightVideos__busyBoulvard,58,21
CDnet2014,nightVideos__busyBoulvard,59,1
CDnet2014,nightVideos__busyBoulvard,60,2
CDnet2014,nightVideos__busyBoulvard,61,1
CDnet2014,nightVideos__busyBoulvard,62,1
CDnet2014,nightVideos__busyBoulvard,63,1
CDnet2014,nightVideos__busyBoulvard,64,2
CDnet2014,nightVideos__busyBoulvard,65,4
CDnet2014,nightVideos__busyBoulvard,66,17
CDnet2014,nightVideos__busyBoulvard,67,5
CDnet2014,nightVideos__busyBoulvard,68,1
CDnet2014,nightVideos__busyBoulvard,69,3
CDnet2014,nightVideos__busyBoulvard,70,3
CDnet2014,nightVideos__busyBoulvard,71,2
CDnet2014,nightVideos__busyBoulvard,72,2
CDnet2014,nightVideos__busyBoulvard,73,1
CDnet2014,nightVideos__busyBoulvard,74,2
CDnet2014,nightVideos__busyBoulvard,75,3
CDnet2014,nightVideos__busyBoulvard,76,7
CDnet2014,nightVideos__busyBoulvard,77,1
CDnet2014,nightVideos__busyBoulvard,78,4
CDnet2014,nightVideos__busyBoulvard,79,2
CDnet2014,nightVideos__busyBoulvard,80,1
CDnet2014,nightVideos__busyBoulvard,81,1
CDnet2014,nightVideos__busyBoulvard,82,1
CDnet2014,nightVideos__busyBoulvard,83,5
CDnet2014,nightVideos__busyBoulvard,84,1
CDnet2014,nightVideos__busyBoulvard,85,3
CDnet2014,nightVideos__busyBoulvard,86,1
CDnet2014,nightVideos__busyBoulvard,87,1
CDnet2014,nightVideos__busyBoulvard,88,1
CDnet2014,nightVideos__busyBoulvard,89,1
CDnet2014,nightVideos__busyBoulvard,90,1
CDnet2014,nightVideos__busyBoulvard,91,1
CDnet2014,nightVideos__busyBoulvard,92,2
CDnet2014,nightVideos__busyBoulvard,93,1
CDnet2014,nightVideos__busyBoulvard,94,1
CDnet2014,nightVideos__busyBoulvard,95,1
CDnet2014,nightVideos__busyBoulvard,96,1
CDnet2014,nightVideos__busyBoulvard,97,1
CDnet2014,nightVideos__busyBoulvard,98,5
CDnet2014,nightVideos__busyBoulvard,99,9
CDnet2014,nightVideos__busyBoulvard,100,1
CDnet2014,nightVideos__busyBoulvard,101,1
CDnet2014,nightVideos__busyBoulvard,102,2
CDnet2014,nightVideos__busyBoulvard,103,1
CDnet2014,nightVideos__busyBoulvard,104,1
CDnet2014,nightVideos__busyBoulvard,105,1
CDnet2014,nightVideos__busyBoulvard,106,1
CDnet2014,nightVideos__busyBoulvard,107,2
CDnet2014,nightVideos__busyBoulvard,108,5
CDnet2014,nightVideos__busyBoulvard,109,1
CDnet2014,nightVideos__busyBoulvard,110,1
CDnet2014,nightVideos__busyBoulvard,111,1
CDnet2014,nightVideos__busyBoulvard,112,1
CDnet2014,nightVideos__busyBoulvard,113,1
CDnet2014,nightVideos__busyBoulvard,114,3
CDnet2014,nightVideos__busyBoulvard,115,1
CDnet2014,nightVideos__busyBoulvard,116,1
CDnet2014,nightVideos__busyBoulvard,117,2
CDnet2014,nightVideos__busyBoulvard,118,1
CDnet2014,nightVideos__busyBoulvard,119,1
CDnet2014,nightVideos__busyBoulvard,120,1
CDnet2014,nightVideos__busyBoulvard,121,1
CDnet2014,nightVideos__busyBoulvard,122,3
CDnet2014,nightVideos__busyBoulvard,123,1
CDnet2014,nightVideos__busyBoulvard,124,1
CDnet2014,nightVideos__busyBoulvard,125,1
CDnet2014,nightVideos__busyBoulvard,126,2
CDnet2014,nightVideos__busyBoulvard,127,9
CDnet2014,nightVideos__busyBoulvard,128,6
CDnet2014,nightVideos__busyBoulvard,129,1
CDnet2014,nightVideos__busyBoulvard,130,1
CDnet2014,nightVideos__busyBoulvard,131,4
CDnet2014,nightVideos__busyBoulvard,132,5
CDnet2014,nightVideos__busyBoulvard,133,2
CDnet2014,nightVideos__busyBoulvard,134,1
CDnet2014,nightVideos__busyBoulvard,135,4
CDnet2014,nightVideos__busyBoulvard,136,1
CDnet2014,nightVideos__busyBoulvard,137,1
CDnet2014,nightVideos__busyBoulvard,138,1
CDnet2014,nightVideos__busyBoulvard,139,1
CDnet2014,nightVideos__busyBoulvard,140,1
CDnet2014,nightVideos__busyBoulvard,141,1
CDnet2014,nightVideos__busyBoulvard,142,1
CDnet2014,nightVideos__busyBoulvard,143,1
CDnet2014,nightVideos__busyBoulvard,144,1
CDnet2014,nightVideos__busyBoulvard,145,1
CDnet2014,nightVideos__busyBoulvard,146,3
CDnet2014,nightVideos__busyBoulvard,147,1
CDnet2014,nightVideos__busyBoulvard,148,1
CDnet2014,nightVideos__busyBoulvard,149,14
CDnet2014,nightVideos__busyBoulvard,150,1
CDnet2014,nightVideos__busyBoulvard,151,1
CDnet2014,nightVideos__busyBoulvard,152,4
CDnet2014,nightVideos__busyBoulvard,153,6
CDnet2014,nightVideos__busyBoulvard,154,6
CDnet2014,nightVideos__busyBoulvard,155,4
CDnet2014,nightVideos__busyBoulvard,156,1
CDnet2014,nightVideos__busyBoulvard,157,2
CDnet2014,nightVideos__busyBoulvard,158,13
CDnet2014,nightVideos__busyBoulvard,159,2
CDnet2014,nightVideos__busyBoulvard,160,1
CDnet2014,nightVideos__busyBoulvard,161,1
CDnet2014,nightVideos__busyBoulvard,162,51
CDnet2014,nightVideos__busyBoulvard,163,1
CDnet2014,nightVideos__busyBoulvard,164,3
CDnet2014,nightVideos__busyBoulvard,165,12
CDnet2014,nightVideos__busyBoulvard,166,1
CDnet2014,nightVideos__busyBoulvard,167,3
CDnet2014,nightVideos__busyBoulvard,168,5
CDnet2014,nightVideos__busyBoulvard,169,1
CDnet2014,nightVideos__busyBoulvard,170,1
CDnet2014,nightVideos__busyBoulvard,171,2
CDnet2014,nightVideos__busyBoulvard,172,1
CDnet2014,nightVideos__busyBoulvard,173,3
CDnet2014,nightVideos__busyBoulvard,174,1
CDnet2014,nightVideos__busyBoulvard,175,1
CDnet2014,nightVideos__busyBoulvard,176,2
CDnet2014,nightVideos__busyBoulvard,177,7
CDnet2014,nightVideos__busyBoulvard,178,1
CDnet2014,nightVideos__busyBoulvard,179,1
CDnet2014,nightVideos__busyBoulvard,180,1
CDnet2014,nightVideos__busyBoulvard,181,2
CDnet2014,nightVideos__busyBoulvard,182,2
CDnet2014,nightVideos__busyBoulvard,183,12
CDnet2014,nightVideos__busyBoulvard,184,1
CDnet2014,nightVideos__busyBoulvard,185,1
CDnet2014,nightVideos__busyBoulvard,186,1
CDnet2014,nightVideos__busyBoulvard,187,2
CDnet2014,nightVideos__busyBoulvard,188,1
CDnet2014,nightVideos__busyBoulvard,189,3
CDnet2014,nightVideos__busyBoulvard,190,2
CDnet2014,nightVideos__busyBoulvard,191,1
CDnet2014,nightVideos__busyBoulvard,192,1
CDnet2014,nightVideos__busyBoulvard,193,3
CDnet2014,nightVideos__busyBoulvard,194,1
CDnet2014,nightVideos__busyBoulvard,195,7
CDnet2014,nightVideos__busyBoulvard,196,2
CDnet2014,nightVideos__busyBoulvard,197,3
CDnet2014,nightVideos__busyBoulvard,198,1
CDnet2014,nightVideos__busyBoulvard,199,1
CDnet2014,nightVideos__busyBoulvard,200,1
CDnet2014,nightVideos__busyBoulvard,201,1
CDnet2014,nightVideos__busyBoulvard,202,1
CDnet2014,nightVideos__busyBoulvard,203,2
CDnet2014,nightVideos__busyBoulvard,204,2
CDnet2014,nightVideos__busyBoulvard,205,1
CDnet2014,nightVideos__busyBoulvard,206,1
CDnet2014,nightVideos__busyBoulvard,207,15
CDnet2014,nightVideos__busyBoulvard,208,1
CDnet2014,nightVideos__busyBoulvard,209,1
CDnet2014,nightVideos__busyBoulvard,210,6
CDnet2014,nightVideos__busyBoulvard,211,2
CDnet2014,nightVideos__busyBoulvard,212,1
CDnet2014,nightVideos__busyBoulvard,213,4
CDnet2014,nightVideos__busyBoulvard,214,1
CDnet2014,nightVideos__busyBoulvard,215,1
CDnet2014,nightVideos__busyBoulvard,216,2
CDnet2014,nightVideos__busyBoulvard,217,1
CDnet2014,nightVideos__busyBoulvard,218,2
CDnet2014,nightVideos__busyBoulvard,219,3
CDnet2014,nightVideos__busyBoulvard,220,1
CDnet2014,nightVideos__busyBoulvard,221,1
CDnet2014,nightVideos__busyBoulvard,222,1
CDnet2014,nightVideos__busyBoulvard,223,1
CDnet2014,nightVideos__busyBoulvard,224,2
CDnet2014,nightVideos__busyBoulvard,225,3
CDnet2014,nightVideos__busyBoulvard,226,2
CDnet2014,nightVideos__busyBoulvard,227,1
CDnet2014,nightVideos__busyBoulvard,228,2
CDnet2014,nightVideos__busyBoulvard,229,1
CDnet2014,nightVideos__busyBoulvard,230,2
CDnet2014,nightVideos__busyBoulvard,231,2
CDnet2014,nightVideos__busyBoulvard,232,1
CDnet2014,nightVideos__busyBoulvard,233,1
CDnet2014,nightVideos__busyBoulvard,234,1
CDnet2014,nightVideos__busyBoulvard,235,2
CDnet2014,nightVideos__busyBoulvard,236,8
CDnet2014,nightVideos__busyBoulvard,237,1
CDnet2014,nightVideos__busyBoulvard,238,1
CDnet2014,nightVideos__busyBoulvard,239,9
CDnet2014,nightVideos__busyBoulvard,240,11
CDnet2014,nightVideos__busyBoulvard,241,63
CDnet2014,nightVideos__busyBoulvard,242,125
CDnet2014,nightVideos__busyBoulvard,243,26
CDnet2014,nightVideos__busyBoulvard,244,16
CDnet2014,nightVideos__busyBoulvard,245,67
CDnet2014,nightVideos__busyBoulvard,246,24
CDnet2014,nightVideos__busyBoulvard,247,8
CDnet2014,nightVideos__busyBoulvard,248,2
CDnet2014,nightVideos__busyBoulvard,249,2
CDnet2014,nightVideos__busyBoulvard,250,1
CDnet2014,nightVideos__busyBoulvard,251,1
CDnet2014,nightVideos__busyBoulvard,252,1
CDnet2014,nightVideos__busyBoulvard,253,2
CDnet2014,nightVideos__busyBoulvard,254,12
CDnet2014,nightVideos__busyBoulvard,255,1
CDnet2014,nightVideos__busyBoulvard,256,1
CDnet2014,nightVideos__busyBoulvard,257,1
CDnet2014,nightVideos__busyBoulvard,258,2
CDnet2014,nightVideos__busyBoulvard,259,2
CDnet2014,nightVideos__busyBoulvard,260,1
CDnet2014,nightVideos__busyBoulvard,261,2
CDnet2014,nightVideos__busyBoulvard,262,1
CDnet2014,nightVideos__busyBoulvard,263,1
CDnet2014,nightVideos__busyBoulvard,264,1
CDnet2014,nightVideos__busyBoulvard,265,1
CDnet2014,nightVideos__busyBoulvard,266,2
CDnet2014,nightVideos__busyBoulvard,267,1
CDnet2014,nightVideos__busyBoulvard,268,1
CDnet2014,nightVideos__busyBoulvard,269,1
CDnet2014,nightVideos__busyBoulvard,270,8
CDnet2014,nightVideos__busyBoulvard,271,24
CDnet2014,nightVideos__busyBoulvard,272,7
CDnet2014,nightVideos__busyBoulvard,273,2
CDnet2014,nightVideos__busyBoulvard,274,1
CDnet2014,nightVideos__busyBoulvard,275,2
CDnet2014,nightVideos__busyBoulvard,276,1
CDnet2014,nightVideos__busyBoulvard,277,1
CDnet2014,nightVideos__fluidHighway,0,2
CDnet2014,nightVideos__fluidHighway,1,11
CDnet2014,nightVideos__fluidHighway,2,57
CDnet2014,nightVideos__fluidHighway,3,1
CDnet2014,nightVideos__fluidHighway,4,2
CDnet2014,nightVideos__fluidHighway,5,2
CDnet2014,nightVideos__fluidHighway,6,17
CDnet2014,nightVideos__fluidHighway,7,3
CDnet2014,nightVideos__fluidHighway,8,3
CDnet2014,nightVideos__fluidHighway,9,2
CDnet2014,nightVideos__fluidHighway,10,3
CDnet2014,nightVideos__fluidHighway,11,7
CDnet2014,nightVideos__fluidHighway,12,1
CDnet2014,nightVideos__fluidHighway,13,1
CDnet2014,nightVideos__fluidHighway,14,1
CDnet2014,nightVideos__fluidHighway,15,3
CDnet2014,nightVideos__fluidHighway,16,1
CDnet2014,nightVideos__fluidHighway,17,1
CDnet2014,nightVideos__fluidHighway,18,1
CDnet2014,nightVideos__fluidHighway,19,3
CDnet2014,nightVideos__fluidHighway,20,6
CDnet2014,nightVideos__fluidHighway,21,2
CDnet2014,nightVideos__fluidHighway,22,3
CDnet2014,nightVideos__fluidHighway,23,2
CDnet2014,nightVideos__fluidHighway,24,4
CDnet2014,nightVideos__fluidHighway,25,5
CDnet2014,nightVideos__fluidHighway,26,4
CDnet2014,nightVideos__fluidHighway,27,1
CDnet2014,nightVideos__fluidHighway,28,2
CDnet2014,nightVideos__fluidHighway,29,5
CDnet2014,nightVideos__fluidHighway,30,2
CDnet2014,nightVideos__fluidHighway,31,53
CDnet2014,nightVideos__fluidHighway,32,1
CDnet2014,nightVideos__fluidHighway,33,13
CDnet2014,nightVideos__fluidHighway,34,1
CDnet2014,nightVideos__fluidHighway,35,1
CDnet2014,nightVideos__fluidHighway,36,1
CDnet2014,nightVideos__fluidHighway,37,2
CDnet2014,nightVideos__fluidHighway,38,1
CDnet2014,nightVideos__fluidHighway,39,2
CDnet2014,nightVideos__fluidHighway,40,1
CDnet2014,nightVideos__fluidHighway,41,2
CDnet2014,nightVideos__fluidHighway,42,5
CDnet2014,nightVideos__fluidHighway,43,2
CDnet2014,nightVideos__fluidHighway,44,1
CDnet2014,nightVideos__fluidHighway,45,1
CDnet2014,nightVideos__fluidHighway,46,1
CDnet2014,nightVideos__fluidHighway,47,2
CDnet2014,nightVideos__fluidHighway,48,2
CDnet2014,nightVideos__fluidHighway,49,2
CDnet2014,nightVideos__fluidHighway,50,9
CDnet2014,nightVideos__fluidHighway,51,2
CDnet2014,nightVideos__fluidHighway,52,20
CDnet2014,nightVideos__fluidHighway,53,7
CDnet2014,nightVideos__fluidHighway,54,12
CDnet2014,nightVideos__fluidHighway,55,32
CDnet2014,nightVideos__fluidHighway,56,49
CDnet2014,nightVideos__fluidHighway,57,4
CDnet2014,nightVideos__fluidHighway,58,1
CDnet2014,nightVideos__fluidHighway,59,17
CDnet2014,nightVideos__fluidHighway,60,13
CDnet2014,nightVideos__fluidHighway,61,11
CDnet2014,nightVideos__fluidHighway,62,12
CDnet2014,nightVideos__fluidHighway,63,8
CDnet2014,nightVideos__fluidHighway,64,2
CDnet2014,nightVideos__fluidHighway,65,6
CDnet2014,nightVideos__fluidHighway,66,3
CDnet2014,nightVideos__fluidHighway,67,23
CDnet2014,nightVideos__fluidHighway,68,3
CDnet2014,nightVideos__fluidHighway,69,1
CDnet2014,nightVideos__fluidHighway,70,9
CDnet2014,nightVideos__fluidHighway,71,4
CDnet2014,nightVideos__fluidHighway,72,6
CDnet2014,nightVideos__fluidHighway,73,5
CDnet2014,nightVideos__fluidHighway,74,1
CDnet2014,nightVideos__fluidHighway,75,5
CDnet2014,nightVideos__streetCornerAtNight,0,31
CDnet2014,nightVideos__streetCornerAtNight,1,2
CDnet2014,nightVideos__streetCornerAtNight,2,9
CDnet2014,nightVideos__streetCornerAtNight,3,47
CDnet2014,nightVideos__streetCornerAtNight,4,1
CDnet2014,nightVideos__streetCornerAtNight,5,1
CDnet2014,nightVideos__streetCornerAtNight,6,2
CDnet2014,nightVideos__streetCornerAtNight,7,1
CDnet2014,nightVideos__streetCornerAtNight,8,1
CDnet2014,nightVideos__streetCornerAtNight,9,4
CDnet2014,nightVideos__streetCornerAtNight,10,6
CDnet2014,nightVideos__streetCornerAtNight,11,2
CDnet2014,nightVideos__streetCornerAtNight,12,5
CDnet2014,nightVideos__streetCornerAtNight,13,1
CDnet2014,nightVideos__streetCornerAtNight,14,2
CDnet2014,nightVideos__streetCornerAtNight,15,8
CDnet2014,nightVideos__streetCornerAtNight,16,1
CDnet2014,nightVideos__streetCornerAtNight,17,2
CDnet2014,nightVideos__streetCornerAtNight,18,3
CDnet2014,nightVideos__streetCornerAtNight,19,32
CDnet2014,nightVideos__streetCornerAtNight,20,2
CDnet2014,nightVideos__streetCornerAtNight,21,1
CDnet2014,nightVideos__streetCornerAtNight,22,1
CDnet2014,nightVideos__streetCornerAtNight,23,2
CDnet2014,nightVideos__streetCornerAtNight,24,2
CDnet2014,nightVideos__streetCornerAtNight,25,1
CDnet2014,nightVideos__streetCornerAtNight,26,11
CDnet2014,nightVideos__streetCornerAtNight,27,4
CDnet2014,nightVideos__streetCornerAtNight,28,1
CDnet2014,nightVideos__streetCornerAtNight,29,1
CDnet2014,nightVideos__streetCornerAtNight,30,15
CDnet2014,nightVideos__streetCornerAtNight,31,4
CDnet2014,nightVideos__streetCornerAtNight,32,2
CDnet2014,nightVideos__streetCornerAtNight,33,1
CDnet2014,nightVideos__streetCornerAtNight,34,1
CDnet2014,nightVideos__streetCornerAtNight,35,1
CDnet2014,nightVideos__streetCornerAtNight,36,2
CDnet2014,nightVideos__streetCornerAtNight,37,1
CDnet2014,nightVideos__streetCornerAtNight,38,1
CDnet2014,nightVideos__streetCornerAtNight,39,2
CDnet2014,nightVideos__streetCornerAtNight,40,6
CDnet2014,nightVideos__streetCornerAtNight,41,1
CDnet2014,nightVideos__streetCornerAtNight,42,8
CDnet2014,nightVideos__streetCornerAtNight,43,4
CDnet2014,nightVideos__streetCornerAtNight,44,4
CDnet2014,nightVideos__streetCornerAtNight,45,2
CDnet2014,nightVideos__streetCornerAtNight,46,3
CDnet2014,nightVideos__streetCornerAtNight,47,2
CDnet2014,nightVideos__streetCornerAtNight,48,10
CDnet2014,nightVideos__streetCornerAtNight,49,1
CDnet2014,nightVideos__streetCornerAtNight,50,14
CDnet2014,nightVideos__streetCornerAtNight,51,5
CDnet2014,nightVideos__streetCornerAtNight,52,1
CDnet2014,nightVideos__streetCornerAtNight,53,3
CDnet2014,nightVideos__streetCornerAtNight,54,1
CDnet2014,nightVideos__streetCornerAtNight,55,7
CDnet2014,nightVideos__streetCornerAtNight,56,1
CDnet2014,nightVideos__streetCornerAtNight,57,1
CDnet2014,nightVideos__streetCornerAtNight,58,51
CDnet2014,nightVideos__streetCornerAtNight,59,1
CDnet2014,nightVideos__streetCornerAtNight,60,2
CDnet2014,nightVideos__streetCornerAtNight,61,1
CDnet2014,nightVideos__streetCornerAtNight,62,1
CDnet2014,nightVideos__streetCornerAtNight,63,1
CDnet2014,nightVideos__streetCornerAtNight,64,2
CDnet2014,nightVideos__streetCornerAtNight,65,5
CDnet2014,nightVideos__streetCornerAtNight,66,2
CDnet2014,nightVideos__streetCornerAtNight,67,22
CDnet2014,nightVideos__streetCornerAtNight,68,13
CDnet2014,nightVideos__streetCornerAtNight,69,1
CDnet2014,nightVideos__streetCornerAtNight,70,4
CDnet2014,nightVideos__streetCornerAtNight,71,1
CDnet2014,nightVideos__streetCornerAtNight,72,2
CDnet2014,nightVideos__streetCornerAtNight,73,1
CDnet2014,nightVideos__streetCornerAtNight,74,1
CDnet2014,nightVideos__streetCornerAtNight,75,1
CDnet2014,nightVideos__streetCornerAtNight,76,1
CDnet2014,nightVideos__streetCornerAtNight,77,4
CDnet2014,nightVideos__streetCornerAtNight,78,8
CDnet2014,nightVideos__streetCornerAtNight,79,1
CDnet2014,nightVideos__streetCornerAtNight,80,1
CDnet2014,nightVideos__streetCornerAtNight,81,11
CDnet2014,nightVideos__streetCornerAtNight,82,1
CDnet2014,nightVideos__streetCornerAtNight,83,1
CDnet2014,nightVideos__streetCornerAtNight,84,1
CDnet2014,nightVideos__streetCornerAtNight,85,1
CDnet2014,nightVideos__streetCornerAtNight,86,1
CDnet2014,nightVideos__streetCornerAtNight,87,1
CDnet2014,nightVideos__streetCornerAtNight,88,45
CDnet2014,nightVideos__streetCornerAtNight,89,1
CDnet2014,nightVideos__streetCornerAtNight,90,2
CDnet2014,nightVideos__streetCornerAtNight,91,7
CDnet2014,nightVideos__streetCornerAtNight,92,1
CDnet2014,nightVideos__streetCornerAtNight,93,4
CDnet2014,nightVideos__streetCornerAtNight,94,1
CDnet2014,nightVideos__streetCornerAtNight,95,26
CDnet2014,nightVideos__streetCornerAtNight,96,6
CDnet2014,nightVideos__streetCornerAtNight,97,5
CDnet2014,nightVideos__streetCornerAtNight,98,2
CDnet2014,nightVideos__streetCornerAtNight,99,2
CDnet2014,nightVideos__streetCornerAtNight,100,5
CDnet2014,nightVideos__streetCornerAtNight,101,1
CDnet2014,nightVideos__streetCornerAtNight,102,3
CDnet2014,nightVideos__streetCornerAtNight,103,1
CDnet2014,nightVideos__streetCornerAtNight,104,1
CDnet2014,nightVideos__streetCornerAtNight,105,13
CDnet2014,nightVideos__streetCornerAtNight,106,11
CDnet2014,nightVideos__streetCornerAtNight,107,1
CDnet2014,nightVideos__streetCornerAtNight,108,1
CDnet2014,nightVideos__streetCornerAtNight,109,1
CDnet2014,nightVideos__streetCornerAtNight,110,1
CDnet2014,nightVideos__streetCornerAtNight,111,4
CDnet2014,nightVideos__streetCornerAtNight,112,4
CDnet2014,nightVideos__streetCornerAtNight,113,5
CDnet2014,nightVideos__streetCornerAtNight,114,1
CDnet2014,nightVideos__streetCornerAtNight,115,1
CDnet2014,nightVideos__streetCornerAtNight,116,1
CDnet2014,nightVideos__streetCornerAtNight,117,1
CDnet2014,nightVideos__streetCornerAtNight,118,1
CDnet2014,nightVideos__streetCornerAtNight,119,1
CDnet2014,nightVideos__streetCornerAtNight,120,1
CDnet2014,nightVideos__streetCornerAtNight,121,5
CDnet2014,nightVideos__streetCornerAtNight,122,1
CDnet2014,nightVideos__streetCornerAtNight,123,1
CDnet2014,nightVideos__streetCornerAtNight,124,2
CDnet2014,nightVideos__streetCornerAtNight,125,1
CDnet2014,nightVideos__streetCornerAtNight,126,1
CDnet2014,nightVideos__streetCornerAtNight,127,2
CDnet2014,nightVideos__streetCornerAtNight,128,1
CDnet2014,nightVideos__streetCornerAtNight,129,1
CDnet2014,nightVideos__streetCornerAtNight,130,6
CDnet2014,nightVideos__streetCornerAtNight,131,46
CDnet2014,nightVideos__streetCornerAtNight,132,1
CDnet2014,nightVideos__streetCornerAtNight,133,7
CDnet2014,nightVideos__streetCornerAtNight,134,2
CDnet2014,nightVideos__streetCornerAtNight,135,17
CDnet2014,nightVideos__streetCornerAtNight,136,2
CDnet2014,nightVideos__streetCornerAtNight,137,1
CDnet2014,nightVideos__streetCornerAtNight,138,2
CDnet2014,nightVideos__streetCornerAtNight,139,3
CDnet2014,nightVideos__streetCornerAtNight,140,1
CDnet2014,nightVideos__streetCornerAtNight,141,6
CDnet2014,nightVideos__streetCornerAtNight,142,1
CDnet2014,nightVideos__streetCornerAtNight,143,1
CDnet2014,nightVideos__streetCornerAtNight,144,1
CDnet2014,nightVideos__streetCornerAtNight,145,2
CDnet2014,nightVideos__tramStation,0,42
CDnet2014,nightVideos__tramStation,1,12
CDnet2014,nightVideos__tramStation,2,1
CDnet2014,nightVideos__tramStation,3,1
CDnet2014,nightVideos__tramStation,4,3
CDnet2014,nightVideos__tramStation,5,1
CDnet2014,nightVideos__tramStation,6,1
CDnet2014,nightVideos__tramStation,7,1
CDnet2014,nightVideos__tramStation,8,28
CDnet2014,nightVideos__tramStation,9,17
CDnet2014,nightVideos__tramStation,10,3
CDnet2014,nightVideos__tramStation,11,17
CDnet2014,nightVideos__tramStation,12,2
CDnet2014,nightVideos__tramStation,13,115
CDnet2014,nightVideos__tramStation,14,1
CDnet2014,nightVideos__tramStation,15,1
CDnet2014,nightVideos__tramStation,16,3
CDnet2014,nightVideos__tramStation,17,2
CDnet2014,nightVideos__tramStation,18,2
CDnet2014,nightVideos__tramStation,19,1
CDnet2014,nightVideos__tramStation,20,10
CDnet2014,nightVideos__tramStation,21,2
CDnet2014,nightVideos__tramStation,22,1
CDnet2014,nightVideos__tramStation,23,2
CDnet2014,nightVideos__tramStation,24,1
CDnet2014,nightVideos__tramStation,25,2
CDnet2014,nightVideos__tramStation,26,1
CDnet2014,nightVideos__tramStation,27,1
CDnet2014,nightVideos__tramStation,28,1
CDnet2014,nightVideos__tramStation,29,1
CDnet2014,nightVideos__tramStation,30,1
CDnet2014,nightVideos__tramStation,31,1
CDnet2014,nightVideos__tramStation,32,1
CDnet2014,nightVideos__tramStation,33,1
CDnet2014,nightVideos__tramStation,34,11
CDnet2014,nightVideos__tramStation,35,17
CDnet2014,nightVideos__tramStation,36,63
CDnet2014,nightVideos__tramStation,37,251
CDnet2014,nightVideos__tramStation,38,3
CDnet2014,nightVideos__tramStation,39,23
CDnet2014,nightVideos__tramStation,40,6
CDnet2014,nightVideos__tramStation,41,39
CDnet2014,nightVideos__tramStation,42,171
CDnet2014,nightVideos__tramStation,43,149
CDnet2014,nightVideos__tramStation,44,7
CDnet2014,nightVideos__tramStation,45,61
CDnet2014,nightVideos__tramStation,46,8
CDnet2014,nightVideos__tramStation,47,235
CDnet2014,nightVideos__tramStation,48,753
CDnet2014,nightVideos__tramStation,49,130
CDnet2014,nightVideos__tramStation,50,8
CDnet2014,nightVideos__tramStation,51,3
CDnet2014,nightVideos__tramStation,52,5
CDnet2014,nightVideos__tramStation,53,4
CDnet2014,nightVideos__tramStation,54,11
CDnet2014,nightVideos__tramStation,55,3
CDnet2014,nightVideos__tramStation,56,26
CDnet2014,nightVideos__tramStation,57,3
CDnet2014,nightVideos__tramStation,58,2
CDnet2014,nightVideos__tramStation,59,1
CDnet2014,nightVideos__tramStation,60,6
CDnet2014,nightVideos__tramStation,61,14
CDnet2014,nightVideos__tramStation,62,1
CDnet2014,nightVideos__tramStation,63,28
CDnet2014,nightVideos__tramStation,64,2
CDnet2014,nightVideos__tramStation,65,1
CDnet2014,nightVideos__tramStation,66,45
CDnet2014,nightVideos__winterStreet,0,181
CDnet2014,nightVideos__winterStreet,1,39
CDnet2014,nightVideos__winterStreet,2,1
CDnet2014,nightVideos__winterStreet,3,19
CDnet2014,nightVideos__winterStreet,4,3
CDnet2014,nightVideos__winterStreet,5,2
CDnet2014,nightVideos__winterStreet,6,1
CDnet2014,nightVideos__winterStreet,7,1
CDnet2014,nightVideos__winterStreet,8,1
CDnet2014,nightVideos__winterStreet,9,2
CDnet2014,nightVideos__winterStreet,10,46
CDnet2014,nightVideos__winterStreet,11,1
CDnet2014,nightVideos__winterStreet,12,1
CDnet2014,nightVideos__winterStreet,13,15
CDnet2014,nightVideos__winterStreet,14,186
CDnet2014,nightVideos__winterStreet,15,4
CDnet2014,nightVideos__winterStreet,16,3
CDnet2014,nightVideos__winterStreet,17,1
CDnet2014,nightVideos__winterStreet,18,1
CDnet2014,nightVideos__winterStreet,19,1
CDnet2014,nightVideos__winterStreet,20,3
CDnet2014,nightVideos__winterStreet,21,1
CDnet2014,nightVideos__winterStreet,22,4
CDnet2014,nightVideos__winterStreet,23,2
CDnet2014,nightVideos__winterStreet,24,3
CDnet2014,nightVideos__winterStreet,25,223
CDnet2014,nightVideos__winterStreet,26,30
CDnet2014,PTZ__continuousPan,0,9
CDnet2014,PTZ__continuousPan,1,1
CDnet2014,PTZ__continuousPan,2,1
CDnet2014,PTZ__continuousPan,3,1
CDnet2014,PTZ__continuousPan,4,2
CDnet2014,PTZ__continuousPan,5,2
CDnet2014,PTZ__continuousPan,6,1
CDnet2014,PTZ__continuousPan,7,3
CDnet2014,PTZ__continuousPan,8,1
CDnet2014,PTZ__continuousPan,9,2
CDnet2014,PTZ__continuousPan,10,6
CDnet2014,PTZ__continuousPan,11,7
CDnet2014,PTZ__continuousPan,12,1
CDnet2014,PTZ__continuousPan,13,14
CDnet2014,PTZ__continuousPan,14,2
CDnet2014,PTZ__continuousPan,15,1
CDnet2014,PTZ__continuousPan,16,878
CDnet2014,PTZ__continuousPan,17,1
CDnet2014,PTZ__continuousPan,18,2
CDnet2014,PTZ__continuousPan,19,3
CDnet2014,PTZ__continuousPan,20,5
CDnet2014,PTZ__continuousPan,21,2
CDnet2014,PTZ__continuousPan,22,1
CDnet2014,PTZ__continuousPan,23,2
CDnet2014,PTZ__continuousPan,24,1
CDnet2014,PTZ__continuousPan,25,2
CDnet2014,PTZ__continuousPan,26,9
CDnet2014,PTZ__continuousPan,27,6
CDnet2014,PTZ__continuousPan,28,1
CDnet2014,PTZ__continuousPan,29,44
CDnet2014,PTZ__intermittentPan,0,194
CDnet2014,PTZ__intermittentPan,1,1
CDnet2014,PTZ__intermittentPan,2,1
CDnet2014,PTZ__intermittentPan,3,1
CDnet2014,PTZ__intermittentPan,4,1
CDnet2014,PTZ__intermittentPan,5,14
CDnet2014,PTZ__intermittentPan,6,14
CDnet2014,PTZ__intermittentPan,7,16
CDnet2014,PTZ__intermittentPan,8,90
CDnet2014,PTZ__intermittentPan,9,1
CDnet2014,PTZ__intermittentPan,10,8
CDnet2014,PTZ__intermittentPan,11,17
CDnet2014,PTZ__intermittentPan,12,321
CDnet2014,PTZ__intermittentPan,13,12
CDnet2014,PTZ__intermittentPan,14,1
CDnet2014,PTZ__intermittentPan,15,4
CDnet2014,PTZ__intermittentPan,16,2
CDnet2014,PTZ__intermittentPan,17,1
CDnet2014,PTZ__intermittentPan,18,17
CDnet2014,PTZ__intermittentPan,19,81
CDnet2014,PTZ__intermittentPan,20,13
CDnet2014,PTZ__intermittentPan,21,132
CDnet2014,PTZ__intermittentPan,22,27
CDnet2014,PTZ__intermittentPan,23,35
CDnet2014,PTZ__intermittentPan,24,27
CDnet2014,PTZ__intermittentPan,25,14
CDnet2014,PTZ__intermittentPan,26,71
CDnet2014,PTZ__intermittentPan,27,10
CDnet2014,PTZ__intermittentPan,28,8
CDnet2014,PTZ__intermittentPan,29,2
CDnet2014,PTZ__intermittentPan,30,454
CDnet2014,PTZ__intermittentPan,31,12
CDnet2014,PTZ__intermittentPan,32,1
CDnet2014,PTZ__intermittentPan,33,79
CDnet2014,PTZ__intermittentPan,34,144
CDnet2014,PTZ__intermittentPan,35,11
CDnet2014,PTZ__intermittentPan,36,10
CDnet2014,PTZ__intermittentPan,37,21
CDnet2014,PTZ__twoPositionPTZCam,0,253
CDnet2014,PTZ__twoPositionPTZCam,1,27
CDnet2014,PTZ__twoPositionPTZCam,2,3
CDnet2014,PTZ__twoPositionPTZCam,3,3
CDnet2014,PTZ__twoPositionPTZCam,4,5
CDnet2014,PTZ__twoPositionPTZCam,5,4
CDnet2014,PTZ__twoPositionPTZCam,6,89
CDnet2014,PTZ__twoPositionPTZCam,7,11
CDnet2014,PTZ__twoPositionPTZCam,8,1
CDnet2014,PTZ__twoPositionPTZCam,9,3
CDnet2014,PTZ__twoPositionPTZCam,10,5
CDnet2014,PTZ__twoPositionPTZCam,11,3
CDnet2014,PTZ__twoPositionPTZCam,12,18
CDnet2014,PTZ__twoPositionPTZCam,13,1
CDnet2014,PTZ__twoPositionPTZCam,14,34
CDnet2014,PTZ__twoPositionPTZCam,15,10
CDnet2014,PTZ__twoPositionPTZCam,16,6
CDnet2014,PTZ__twoPositionPTZCam,17,26
CDnet2014,PTZ__twoPositionPTZCam,18,209
CDnet2014,PTZ__twoPositionPTZCam,19,1
CDnet2014,PTZ__twoPositionPTZCam,20,1
CDnet2014,PTZ__twoPositionPTZCam,21,5
CDnet2014,PTZ__twoPositionPTZCam,22,8
CDnet2014,PTZ__twoPositionPTZCam,23,1
CDnet2014,PTZ__twoPositionPTZCam,24,1
CDnet2014,PTZ__twoPositionPTZCam,25,1
CDnet2014,PTZ__twoPositionPTZCam,26,9
CDnet2014,PTZ__twoPositionPTZCam,27,1
CDnet2014,PTZ__twoPositionPTZCam,28,4
CDnet2014,PTZ__twoPositionPTZCam,29,32
CDnet2014,PTZ__twoPositionPTZCam,30,1
CDnet2014,PTZ__twoPositionPTZCam,31,5
CDnet2014,PTZ__twoPositionPTZCam,32,4
CDnet2014,PTZ__twoPositionPTZCam,33,1
CDnet2014,PTZ__twoPositionPTZCam,34,2
CDnet2014,PTZ__twoPositionPTZCam,35,5
CDnet2014,PTZ__twoPositionPTZCam,36,81
CDnet2014,PTZ__twoPositionPTZCam,37,241
CDnet2014,PTZ__twoPositionPTZCam,38,1
CDnet2014,PTZ__twoPositionPTZCam,39,57
CDnet2014,PTZ__twoPositionPTZCam,40,30
CDnet2014,PTZ__twoPositionPTZCam,41,6
CDnet2014,PTZ__zoomInZoomOut,0,127
CDnet2014,PTZ__zoomInZoomOut,1,2
CDnet2014,PTZ__zoomInZoomOut,2,2
CDnet2014,PTZ__zoomInZoomOut,3,18
CDnet2014,PTZ__zoomInZoomOut,4,11
CDnet2014,PTZ__zoomInZoomOut,5,1
CDnet2014,PTZ__zoomInZoomOut,6,1
CDnet2014,PTZ__zoomInZoomOut,7,331
CDnet2014,PTZ__zoomInZoomOut,8,2
CDnet2014,PTZ__zoomInZoomOut,9,5
CDnet2014,PTZ__zoomInZoomOut,10,15
CDnet2014,PTZ__zoomInZoomOut,11,2
CDnet2014,PTZ__zoomInZoomOut,12,2
CDnet2014,PTZ__zoomInZoomOut,13,6
CDnet2014,PTZ__zoomInZoomOut,14,1
CDnet2014,PTZ__zoomInZoomOut,15,4
CDnet2014,PTZ__zoomInZoomOut,16,1
CDnet2014,PTZ__zoomInZoomOut,17,2
CDnet2014,PTZ__zoomInZoomOut,18,1
CDnet2014,PTZ__zoomInZoomOut,19,1
CDnet2014,PTZ__zoomInZoomOut,20,1
CDnet2014,shadow__backdoor,0,1600
CDnet2014,shadow__bungalows,0,1400
CDnet2014,shadow__busStation,0,840
CDnet2014,shadow__busStation,1,2
CDnet2014,shadow__copyMachine,0,883
CDnet2014,shadow__copyMachine,1,2
CDnet2014,shadow__copyMachine,2,1
CDnet2014,shadow__copyMachine,3,909
CDnet2014,shadow__copyMachine,4,1
CDnet2014,shadow__copyMachine,5,5
CDnet2014,shadow__copyMachine,6,6
CDnet2014,shadow__copyMachine,7,366
CDnet2014,shadow__copyMachine,8,25
CDnet2014,shadow__copyMachine,9,9
CDnet2014,shadow__copyMachine,10,9
CDnet2014,shadow__copyMachine,11,2
CDnet2014,shadow__copyMachine,12,1
CDnet2014,shadow__copyMachine,13,1
CDnet2014,shadow__copyMachine,14,1
CDnet2014,shadow__copyMachine,15,1
CDnet2014,shadow__copyMachine,16,3
CDnet2014,shadow__copyMachine,17,5
CDnet2014,shadow__copyMachine,18,7
CDnet2014,shadow__copyMachine,19,309
CDnet2014,shadow__copyMachine,20,2
CDnet2014,shadow__copyMachine,21,1
CDnet2014,shadow__copyMachine,22,2
CDnet2014,shadow__copyMachine,23,151
CDnet2014,shadow__cubicle,0,6300
CDnet2014,shadow__peopleInShade,0,79
CDnet2014,shadow__peopleInShade,1,70
CDnet2014,shadow__peopleInShade,2,230
CDnet2014,shadow__peopleInShade,3,137
CDnet2014,shadow__peopleInShade,4,62
CDnet2014,thermal__corridor,0,1
CDnet2014,thermal__corridor,1,2
CDnet2014,thermal__corridor,2,15
CDnet2014,thermal__corridor,3,288
CDnet2014,thermal__corridor,4,141
CDnet2014,thermal__corridor,5,4
CDnet2014,thermal__corridor,6,6
CDnet2014,thermal__corridor,7,5
CDnet2014,thermal__corridor,8,5
CDnet2014,thermal__corridor,9,75
CDnet2014,thermal__corridor,10,1
CDnet2014,thermal__corridor,11,34
CDnet2014,thermal__corridor,12,3
CDnet2014,thermal__corridor,13,8
CDnet2014,thermal__corridor,14,2
CDnet2014,thermal__corridor,15,1
CDnet2014,thermal__corridor,16,2
CDnet2014,thermal__corridor,17,4
CDnet2014,thermal__corridor,18,2
CDnet2014,thermal__corridor,19,3
CDnet2014,thermal__corridor,20,2
CDnet2014,thermal__corridor,21,4
CDnet2014,thermal__corridor,22,1
CDnet2014,thermal__corridor,23,1
CDnet2014,thermal__corridor,24,1
CDnet2014,thermal__corridor,25,1
CDnet2014,thermal__corridor,26,1
CDnet2014,thermal__corridor,27,1
CDnet2014,thermal__corridor,28,1
CDnet2014,thermal__corridor,29,1
CDnet2014,thermal__corridor,30,11
CDnet2014,thermal__corridor,31,4
CDnet2014,thermal__corridor,32,3
CDnet2014,thermal__corridor,33,20
CDnet2014,thermal__corridor,34,2
CDnet2014,thermal__corridor,35,13
CDnet2014,thermal__corridor,36,1
CDnet2014,thermal__corridor,37,16
CDnet2014,thermal__corridor,38,9
CDnet2014,thermal__corridor,39,25
CDnet2014,thermal__corridor,40,2
CDnet2014,thermal__corridor,41,1
CDnet2014,thermal__corridor,42,1
CDnet2014,thermal__corridor,43,3
CDnet2014,thermal__corridor,44,3
CDnet2014,thermal__corridor,45,2
CDnet2014,thermal__corridor,46,1
CDnet2014,thermal__corridor,47,5
CDnet2014,thermal__corridor,48,209
CDnet2014,thermal__corridor,49,3
CDnet2014,thermal__corridor,50,432
CDnet2014,thermal__corridor,51,4
CDnet2014,thermal__corridor,52,15
CDnet2014,thermal__corridor,53,1
CDnet2014,thermal__corridor,54,1
CDnet2014,thermal__corridor,55,1
CDnet2014,thermal__corridor,56,2
CDnet2014,thermal__corridor,57,43
CDnet2014,thermal__corridor,58,209
CDnet2014,thermal__corridor,59,1
CDnet2014,thermal__corridor,60,1
CDnet2014,thermal__corridor,61,12
CDnet2014,thermal__corridor,62,3
CDnet2014,thermal__corridor,63,5
CDnet2014,thermal__corridor,64,4
CDnet2014,thermal__corridor,65,70
CDnet2014,thermal__corridor,66,1
CDnet2014,thermal__corridor,67,25
CDnet2014,thermal__corridor,68,9
CDnet2014,thermal__corridor,69,4
CDnet2014,thermal__corridor,70,2
CDnet2014,thermal__corridor,71,28
CDnet2014,thermal__corridor,72,3
CDnet2014,thermal__corridor,73,6
CDnet2014,thermal__corridor,74,3
CDnet2014,thermal__corridor,75,2
CDnet2014,thermal__corridor,76,29
CDnet2014,thermal__corridor,77,1
CDnet2014,thermal__corridor,78,7
CDnet2014,thermal__corridor,79,5
CDnet2014,thermal__corridor,80,1
CDnet2014,thermal__corridor,81,3
CDnet2014,thermal__corridor,82,2
CDnet2014,thermal__corridor,83,1
CDnet2014,thermal__corridor,84,3
CDnet2014,thermal__corridor,85,9
CDnet2014,thermal__corridor,86,15
CDnet2014,thermal__corridor,87,5
CDnet2014,thermal__corridor,88,1
CDnet2014,thermal__corridor,89,1
CDnet2014,thermal__corridor,90,1
CDnet2014,thermal__corridor,91,4
CDnet2014,thermal__corridor,92,3
CDnet2014,thermal__corridor,93,1
CDnet2014,thermal__corridor,94,1
CDnet2014,thermal__corridor,95,1
CDnet2014,thermal__corridor,96,1
CDnet2014,thermal__corridor,97,2
CDnet2014,thermal__corridor,98,1
CDnet2014,thermal__corridor,99,26
CDnet2014,thermal__corridor,100,16
CDnet2014,thermal__corridor,101,9
CDnet2014,thermal__corridor,102,2
CDnet2014,thermal__corridor,103,5
CDnet2014,thermal__corridor,104,1
CDnet2014,thermal__corridor,105,7
CDnet2014,thermal__corridor,106,4
CDnet2014,thermal__corridor,107,1
CDnet2014,thermal__corridor,108,1
CDnet2014,thermal__corridor,109,2
CDnet2014,thermal__corridor,110,2
CDnet2014,thermal__corridor,111,2
CDnet2014,thermal__corridor,112,1
CDnet2014,thermal__corridor,113,1
CDnet2014,thermal__corridor,114,1
CDnet2014,thermal__corridor,115,2
CDnet2014,thermal__corridor,116,215
CDnet2014,thermal__corridor,117,1
CDnet2014,thermal__corridor,118,76
CDnet2014,thermal__corridor,119,58
CDnet2014,thermal__corridor,120,1
CDnet2014,thermal__diningRoom,0,1095
CDnet2014,thermal__diningRoom,1,3
CDnet2014,thermal__diningRoom,2,2
CDnet2014,thermal__diningRoom,3,24
CDnet2014,thermal__diningRoom,4,64
CDnet2014,thermal__diningRoom,5,258
CDnet2014,thermal__diningRoom,6,1
CDnet2014,thermal__diningRoom,7,3
CDnet2014,thermal__diningRoom,8,542
CDnet2014,thermal__diningRoom,9,67
CDnet2014,thermal__diningRoom,10,67
CDnet2014,thermal__diningRoom,11,431
CDnet2014,thermal__diningRoom,12,428
CDnet2014,thermal__lakeSide,0,13
CDnet2014,thermal__lakeSide,1,5
CDnet2014,thermal__lakeSide,2,3
CDnet2014,thermal__lakeSide,3,3
CDnet2014,thermal__lakeSide,4,4
CDnet2014,thermal__lakeSide,5,16
CDnet2014,thermal__lakeSide,6,7
CDnet2014,thermal__lakeSide,7,6
CDnet2014,thermal__lakeSide,8,2
CDnet2014,thermal__lakeSide,9,4
CDnet2014,thermal__lakeSide,10,662
CDnet2014,thermal__lakeSide,11,101
CDnet2014,thermal__lakeSide,12,65
CDnet2014,thermal__lakeSide,13,10
CDnet2014,thermal__lakeSide,14,12
CDnet2014,thermal__lakeSide,15,1
CDnet2014,thermal__lakeSide,16,2
CDnet2014,thermal__lakeSide,17,3
CDnet2014,thermal__lakeSide,18,25
CDnet2014,thermal__lakeSide,19,1
CDnet2014,thermal__lakeSide,20,10
CDnet2014,thermal__lakeSide,21,4
CDnet2014,thermal__lakeSide,22,2
CDnet2014,thermal__lakeSide,23,10
CDnet2014,thermal__lakeSide,24,4
CDnet2014,thermal__lakeSide,25,6
CDnet2014,thermal__lakeSide,26,37
CDnet2014,thermal__lakeSide,27,5
CDnet2014,thermal__lakeSide,28,821
CDnet2014,thermal__lakeSide,29,93
CDnet2014,thermal__lakeSide,30,513
CDnet2014,thermal__lakeSide,31,7
CDnet2014,thermal__lakeSide,32,155
CDnet2014,thermal__lakeSide,33,30
CDnet2014,thermal__lakeSide,34,151
CDnet2014,thermal__lakeSide,35,232
CDnet2014,thermal__lakeSide,36,15
CDnet2014,thermal__lakeSide,37,78
CDnet2014,thermal__lakeSide,38,9
CDnet2014,thermal__lakeSide,39,2
CDnet2014,thermal__lakeSide,40,39
CDnet2014,thermal__lakeSide,41,2
CDnet2014,thermal__lakeSide,42,4
CDnet2014,thermal__lakeSide,43,3
CDnet2014,thermal__lakeSide,44,11
CDnet2014,thermal__lakeSide,45,14
CDnet2014,thermal__lakeSide,46,5
CDnet2014,thermal__lakeSide,47,1
CDnet2014,thermal__lakeSide,48,17
CDnet2014,thermal__lakeSide,49,17
CDnet2014,thermal__lakeSide,50,39
CDnet2014,thermal__lakeSide,51,1
CDnet2014,thermal__lakeSide,52,1
CDnet2014,thermal__lakeSide,53,2
CDnet2014,thermal__lakeSide,54,17
CDnet2014,thermal__lakeSide,55,1
CDnet2014,thermal__lakeSide,56,1
CDnet2014,thermal__lakeSide,57,1
CDnet2014,thermal__lakeSide,58,4
CDnet2014,thermal__lakeSide,59,1
CDnet2014,thermal__lakeSide,60,1
CDnet2014,thermal__lakeSide,61,1
CDnet2014,thermal__lakeSide,62,1
CDnet2014,thermal__lakeSide,63,2
CDnet2014,thermal__lakeSide,64,1
CDnet2014,thermal__lakeSide,65,7
CDnet2014,thermal__lakeSide,66,3
CDnet2014,thermal__lakeSide,67,1
CDnet2014,thermal__lakeSide,68,2
CDnet2014,thermal__lakeSide,69,2
CDnet2014,thermal__lakeSide,70,196
CDnet2014,thermal__lakeSide,71,349
CDnet2014,thermal__lakeSide,72,38
CDnet2014,thermal__lakeSide,73,1
CDnet2014,thermal__lakeSide,74,3
CDnet2014,thermal__lakeSide,75,8
CDnet2014,thermal__lakeSide,76,1
CDnet2014,thermal__lakeSide,77,2
CDnet2014,thermal__lakeSide,78,6
CDnet2014,thermal__lakeSide,79,1
CDnet2014,thermal__lakeSide,80,4
CDnet2014,thermal__lakeSide,81,2
CDnet2014,thermal__lakeSide,82,2
CDnet2014,thermal__lakeSide,83,3
CDnet2014,thermal__lakeSide,84,1
CDnet2014,thermal__lakeSide,85,1
CDnet2014,thermal__lakeSide,86,15
CDnet2014,thermal__lakeSide,87,1
CDnet2014,thermal__lakeSide,88,1
CDnet2014,thermal__lakeSide,89,1
CDnet2014,thermal__lakeSide,90,1
CDnet2014,thermal__lakeSide,91,1
CDnet2014,thermal__lakeSide,92,1
CDnet2014,thermal__lakeSide,93,5
CDnet2014,thermal__lakeSide,94,2
CDnet2014,thermal__lakeSide,95,2
CDnet2014,thermal__lakeSide,96,1
CDnet2014,thermal__lakeSide,97,1
CDnet2014,thermal__lakeSide,98,1
CDnet2014,thermal__lakeSide,99,4
CDnet2014,thermal__lakeSide,100,2
CDnet2014,thermal__lakeSide,101,2
CDnet2014,thermal__lakeSide,102,5
CDnet2014,thermal__lakeSide,103,8
CDnet2014,thermal__lakeSide,104,5
CDnet2014,thermal__lakeSide,105,2
CDnet2014,thermal__lakeSide,106,5
CDnet2014,thermal__lakeSide,107,7
CDnet2014,thermal__lakeSide,108,3
CDnet2014,thermal__lakeSide,109,1
CDnet2014,thermal__lakeSide,110,1
CDnet2014,thermal__lakeSide,111,2
CDnet2014,thermal__lakeSide,112,1
CDnet2014,thermal__lakeSide,113,2
CDnet2014,thermal__lakeSide,114,1
CDnet2014,thermal__lakeSide,115,2
CDnet2014,thermal__lakeSide,116,1
CDnet2014,thermal__lakeSide,117,1
CDnet2014,thermal__lakeSide,118,1
CDnet2014,thermal__lakeSide,119,5
CDnet2014,thermal__lakeSide,120,6
CDnet2014,thermal__lakeSide,121,6
CDnet2014,thermal__lakeSide,122,1
CDnet2014,thermal__lakeSide,123,1
CDnet2014,thermal__lakeSide,124,19
CDnet2014,thermal__lakeSide,125,1
CDnet2014,thermal__lakeSide,126,2
CDnet2014,thermal__lakeSide,127,1
CDnet2014,thermal__lakeSide,128,1
CDnet2014,thermal__lakeSide,129,2
CDnet2014,thermal__lakeSide,130,7
CDnet2014,thermal__lakeSide,131,4
CDnet2014,thermal__lakeSide,132,1
CDnet2014,thermal__lakeSide,133,1
CDnet2014,thermal__library,0,2
CDnet2014,thermal__library,1,3
CDnet2014,thermal__library,2,3506
CDnet2014,thermal__library,3,2
CDnet2014,thermal__library,4,1
CDnet2014,thermal__library,5,92
CDnet2014,thermal__library,6,2
CDnet2014,thermal__library,7,1
CDnet2014,thermal__library,8,1
CDnet2014,thermal__library,9,1
CDnet2014,thermal__library,10,1
CDnet2014,thermal__library,11,1
CDnet2014,thermal__library,12,2
CDnet2014,thermal__library,13,1
CDnet2014,thermal__library,14,2
CDnet2014,thermal__library,15,1
CDnet2014,thermal__library,16,1
CDnet2014,thermal__library,17,1
CDnet2014,thermal__library,18,1
CDnet2014,thermal__library,19,1
CDnet2014,thermal__library,20,2
CDnet2014,thermal__library,21,1
CDnet2014,thermal__library,22,1
CDnet2014,thermal__library,23,1
CDnet2014,thermal__library,24,1
CDnet2014,thermal__library,25,2
CDnet2014,thermal__library,26,1
CDnet2014,thermal__library,27,1
CDnet2014,thermal__library,28,1
CDnet2014,thermal__library,29,1
CDnet2014,thermal__library,30,1
CDnet2014,thermal__library,31,1
CDnet2014,thermal__library,32,2
CDnet2014,thermal__library,33,1
CDnet2014,thermal__library,34,1
CDnet2014,thermal__library,35,2
CDnet2014,thermal__library,36,1
CDnet2014,thermal__library,37,1
CDnet2014,thermal__library,38,1
CDnet2014,thermal__library,39,2
CDnet2014,thermal__library,40,1
CDnet2014,thermal__library,41,1
CDnet2014,thermal__library,42,1
CDnet2014,thermal__library,43,1
CDnet2014,thermal__library,44,1
CDnet2014,thermal__library,45,1
CDnet2014,thermal__library,46,1
CDnet2014,thermal__library,47,1
CDnet2014,thermal__library,48,1
CDnet2014,thermal__library,49,1
CDnet2014,thermal__library,50,2
CDnet2014,thermal__library,51,1
CDnet2014,thermal__library,52,2
CDnet2014,thermal__library,53,2
CDnet2014,thermal__library,54,1
CDnet2014,thermal__library,55,2
CDnet2014,thermal__library,56,1
CDnet2014,thermal__library,57,1
CDnet2014,thermal__library,58,1
CDnet2014,thermal__library,59,1
CDnet2014,thermal__library,60,1
CDnet2014,thermal__library,61,1
CDnet2014,thermal__library,62,2
CDnet2014,thermal__library,63,2
CDnet2014,thermal__library,64,2
CDnet2014,thermal__library,65,1
CDnet2014,thermal__library,66,3
CDnet2014,thermal__library,67,1
CDnet2014,thermal__library,68,1
CDnet2014,thermal__library,69,3
CDnet2014,thermal__library,70,1
CDnet2014,thermal__library,71,1
CDnet2014,thermal__library,72,1
CDnet2014,thermal__library,73,1
CDnet2014,thermal__library,74,2
CDnet2014,thermal__library,75,2
CDnet2014,thermal__library,76,1
CDnet2014,thermal__library,77,2
CDnet2014,thermal__library,78,1
CDnet2014,thermal__library,79,1
CDnet2014,thermal__park,0,22
CDnet2014,thermal__park,1,2
CDnet2014,thermal__park,2,70
CDnet2014,thermal__park,3,3
CDnet2014,thermal__park,4,16
CDnet2014,thermal__park,5,1
CDnet2014,thermal__park,6,1
CDnet2014,thermal__park,7,2
CDnet2014,thermal__park,8,4
CDnet2014,thermal__park,9,1
CDnet2014,thermal__park,10,8
CDnet2014,thermal__park,11,1
CDnet2014,thermal__park,12,5
CDnet2014,thermal__park,13,1
CDnet2014,thermal__park,14,1
CDnet2014,thermal__park,15,3
CDnet2014,thermal__park,16,1
CDnet2014,thermal__park,17,2
CDnet2014,thermal__park,18,1
CDnet2014,thermal__park,19,9
CDnet2014,thermal__park,20,8
CDnet2014,thermal__park,21,58
CDnet2014,thermal__park,22,6
CDnet2014,turbulence__turbulence0,0,1
CDnet2014,turbulence__turbulence0,1,1
CDnet2014,turbulence__turbulence0,2,1
CDnet2014,turbulence__turbulence0,3,1
CDnet2014,turbulence__turbulence0,4,1
CDnet2014,turbulence__turbulence0,5,2
CDnet2014,turbulence__turbulence0,6,1
CDnet2014,turbulence__turbulence0,7,2
CDnet2014,turbulence__turbulence0,8,1
CDnet2014,turbulence__turbulence0,9,1
CDnet2014,turbulence__turbulence0,10,2
CDnet2014,turbulence__turbulence0,11,1
CDnet2014,turbulence__turbulence0,12,2
CDnet2014,turbulence__turbulence0,13,6
CDnet2014,turbulence__turbulence0,14,5
CDnet2014,turbulence__turbulence0,15,2
CDnet2014,turbulence__turbulence0,16,2
CDnet2014,turbulence__turbulence0,17,5
CDnet2014,turbulence__turbulence0,18,1
CDnet2014,turbulence__turbulence0,19,2
CDnet2014,turbulence__turbulence0,20,5
CDnet2014,turbulence__turbulence0,21,2
CDnet2014,turbulence__turbulence0,22,6
CDnet2014,turbulence__turbulence0,23,1
CDnet2014,turbulence__turbulence0,24,2
CDnet2014,turbulence__turbulence0,25,3
CDnet2014,turbulence__turbulence0,26,1
CDnet2014,turbulence__turbulence0,27,1
CDnet2014,turbulence__turbulence0,28,2
CDnet2014,turbulence__turbulence0,29,1
CDnet2014,turbulence__turbulence0,30,3
CDnet2014,turbulence__turbulence0,31,3
CDnet2014,turbulence__turbulence0,32,3
CDnet2014,turbulence__turbulence0,33,2
CDnet2014,turbulence__turbulence0,34,1
CDnet2014,turbulence__turbulence0,35,2
CDnet2014,turbulence__turbulence0,36,1
CDnet2014,turbulence__turbulence0,37,1
CDnet2014,turbulence__turbulence0,38,1
CDnet2014,turbulence__turbulence0,39,16
CDnet2014,turbulence__turbulence0,40,12
CDnet2014,turbulence__turbulence0,41,2
CDnet2014,turbulence__turbulence0,42,8
CDnet2014,turbulence__turbulence0,43,35
CDnet2014,turbulence__turbulence0,44,28
CDnet2014,turbulence__turbulence0,45,1
CDnet2014,turbulence__turbulence0,46,7
CDnet2014,turbulence__turbulence0,47,9
CDnet2014,turbulence__turbulence0,48,2
CDnet2014,turbulence__turbulence0,49,1
CDnet2014,turbulence__turbulence0,50,1
CDnet2014,turbulence__turbulence0,51,3
CDnet2014,turbulence__turbulence0,52,1
CDnet2014,turbulence__turbulence0,53,2
CDnet2014,turbulence__turbulence0,54,1
CDnet2014,turbulence__turbulence0,55,1
CDnet2014,turbulence__turbulence0,56,1
CDnet2014,turbulence__turbulence0,57,1
CDnet2014,turbulence__turbulence0,58,1
CDnet2014,turbulence__turbulence0,59,1
CDnet2014,turbulence__turbulence0,60,1
CDnet2014,turbulence__turbulence0,61,1
CDnet2014,turbulence__turbulence0,62,2
CDnet2014,turbulence__turbulence0,63,1
CDnet2014,turbulence__turbulence0,64,1
CDnet2014,turbulence__turbulence0,65,1
CDnet2014,turbulence__turbulence0,66,1
CDnet2014,turbulence__turbulence0,67,1
CDnet2014,turbulence__turbulence0,68,2
CDnet2014,turbulence__turbulence0,69,1
CDnet2014,turbulence__turbulence0,70,1
CDnet2014,turbulence__turbulence0,71,1
CDnet2014,turbulence__turbulence0,72,1
CDnet2014,turbulence__turbulence0,73,2
CDnet2014,turbulence__turbulence0,74,1
CDnet2014,turbulence__turbulence0,75,2
CDnet2014,turbulence__turbulence0,76,2
CDnet2014,turbulence__turbulence0,77,1
CDnet2014,turbulence__turbulence0,78,1
CDnet2014,turbulence__turbulence0,79,2
CDnet2014,turbulence__turbulence0,80,1
CDnet2014,turbulence__turbulence0,81,1
CDnet2014,turbulence__turbulence0,82,4
CDnet2014,turbulence__turbulence0,83,1
CDnet2014,turbulence__turbulence0,84,3
CDnet2014,turbulence__turbulence0,85,5
CDnet2014,turbulence__turbulence0,86,5
CDnet2014,turbulence__turbulence0,87,6
CDnet2014,turbulence__turbulence0,88,5
CDnet2014,turbulence__turbulence0,89,1
CDnet2014,turbulence__turbulence0,90,1
CDnet2014,turbulence__turbulence0,91,1
CDnet2014,turbulence__turbulence0,92,1
CDnet2014,turbulence__turbulence0,93,1
CDnet2014,turbulence__turbulence0,94,1
CDnet2014,turbulence__turbulence0,95,2
CDnet2014,turbulence__turbulence0,96,2
CDnet2014,turbulence__turbulence0,97,1
CDnet2014,turbulence__turbulence0,98,6
CDnet2014,turbulence__turbulence0,99,5
CDnet2014,turbulence__turbulence0,100,3
CDnet2014,turbulence__turbulence0,101,3
CDnet2014,turbulence__turbulence0,102,4
CDnet2014,turbulence__turbulence0,103,1
CDnet2014,turbulence__turbulence0,104,1
CDnet2014,turbulence__turbulence0,105,1
CDnet2014,turbulence__turbulence0,106,3
CDnet2014,turbulence__turbulence0,107,2
CDnet2014,turbulence__turbulence0,108,5
CDnet2014,turbulence__turbulence0,109,1
CDnet2014,turbulence__turbulence0,110,1
CDnet2014,turbulence__turbulence0,111,1
CDnet2014,turbulence__turbulence0,112,9
CDnet2014,turbulence__turbulence0,113,2
CDnet2014,turbulence__turbulence0,114,3
CDnet2014,turbulence__turbulence0,115,2
CDnet2014,turbulence__turbulence0,116,1
CDnet2014,turbulence__turbulence0,117,6
CDnet2014,turbulence__turbulence0,118,20
CDnet2014,turbulence__turbulence0,119,2
CDnet2014,turbulence__turbulence0,120,2
CDnet2014,turbulence__turbulence0,121,1
CDnet2014,turbulence__turbulence0,122,1
CDnet2014,turbulence__turbulence0,123,2
CDnet2014,turbulence__turbulence0,124,1
CDnet2014,turbulence__turbulence0,125,1
CDnet2014,turbulence__turbulence0,126,1
CDnet2014,turbulence__turbulence0,127,1
CDnet2014,turbulence__turbulence0,128,1
CDnet2014,turbulence__turbulence0,129,2
CDnet2014,turbulence__turbulence0,130,1
CDnet2014,turbulence__turbulence0,131,1
CDnet2014,turbulence__turbulence0,132,1
CDnet2014,turbulence__turbulence0,133,1
CDnet2014,turbulence__turbulence0,134,1
CDnet2014,turbulence__turbulence0,135,1
CDnet2014,turbulence__turbulence0,136,1
CDnet2014,turbulence__turbulence0,137,1
CDnet2014,turbulence__turbulence0,138,1
CDnet2014,turbulence__turbulence0,139,1
CDnet2014,turbulence__turbulence0,140,1
CDnet2014,turbulence__turbulence0,141,1
CDnet2014,turbulence__turbulence0,142,1
CDnet2014,turbulence__turbulence0,143,1
CDnet2014,turbulence__turbulence0,144,1
CDnet2014,turbulence__turbulence0,145,2
CDnet2014,turbulence__turbulence0,146,1
CDnet2014,turbulence__turbulence0,147,1
CDnet2014,turbulence__turbulence0,148,1
CDnet2014,turbulence__turbulence0,149,1
CDnet2014,turbulence__turbulence0,150,1
CDnet2014,turbulence__turbulence0,151,1
CDnet2014,turbulence__turbulence0,152,1
CDnet2014,turbulence__turbulence0,153,1
CDnet2014,turbulence__turbulence0,154,1
CDnet2014,turbulence__turbulence0,155,1
CDnet2014,turbulence__turbulence0,156,1
CDnet2014,turbulence__turbulence0,157,1
CDnet2014,turbulence__turbulence0,158,1
CDnet2014,turbulence__turbulence0,159,1
CDnet2014,turbulence__turbulence0,160,2
CDnet2014,turbulence__turbulence0,161,1
CDnet2014,turbulence__turbulence0,162,1
CDnet2014,turbulence__turbulence0,163,2
CDnet2014,turbulence__turbulence0,164,1
CDnet2014,turbulence__turbulence0,165,2
CDnet2014,turbulence__turbulence0,166,3
CDnet2014,turbulence__turbulence0,167,2
CDnet2014,turbulence__turbulence0,168,1
CDnet2014,turbulence__turbulence0,169,1
CDnet2014,turbulence__turbulence0,170,1
CDnet2014,turbulence__turbulence0,171,3
CDnet2014,turbulence__turbulence0,172,2
CDnet2014,turbulence__turbulence0,173,2
CDnet2014,turbulence__turbulence0,174,1
CDnet2014,turbulence__turbulence0,175,1
CDnet2014,turbulence__turbulence0,176,1
CDnet2014,turbulence__turbulence0,177,1
CDnet2014,turbulence__turbulence0,178,2
CDnet2014,turbulence__turbulence0,179,1
CDnet2014,turbulence__turbulence0,180,1
CDnet2014,turbulence__turbulence0,181,1
CDnet2014,turbulence__turbulence0,182,4
CDnet2014,turbulence__turbulence0,183,1
CDnet2014,turbulence__turbulence0,184,1
CDnet2014,turbulence__turbulence0,185,2
CDnet2014,turbulence__turbulence0,186,1
CDnet2014,turbulence__turbulence0,187,1
CDnet2014,turbulence__turbulence0,188,2
CDnet2014,turbulence__turbulence0,189,1
CDnet2014,turbulence__turbulence0,190,1
CDnet2014,turbulence__turbulence0,191,1
CDnet2014,turbulence__turbulence0,192,1
CDnet2014,turbulence__turbulence0,193,1
CDnet2014,turbulence__turbulence0,194,2
CDnet2014,turbulence__turbulence0,195,1
CDnet2014,turbulence__turbulence0,196,1
CDnet2014,turbulence__turbulence0,197,1
CDnet2014,turbulence__turbulence0,198,1
CDnet2014,turbulence__turbulence0,199,1
CDnet2014,turbulence__turbulence0,200,1
CDnet2014,turbulence__turbulence0,201,1
CDnet2014,turbulence__turbulence0,202,1
CDnet2014,turbulence__turbulence0,203,1
CDnet2014,turbulence__turbulence0,204,10
CDnet2014,turbulence__turbulence0,205,1
CDnet2014,turbulence__turbulence0,206,2
CDnet2014,turbulence__turbulence0,207,1
CDnet2014,turbulence__turbulence0,208,5
CDnet2014,turbulence__turbulence0,209,1
CDnet2014,turbulence__turbulence0,210,1
CDnet2014,turbulence__turbulence0,211,3
CDnet2014,turbulence__turbulence0,212,3
CDnet2014,turbulence__turbulence0,213,1
CDnet2014,turbulence__turbulence0,214,1
CDnet2014,turbulence__turbulence0,215,2
CDnet2014,turbulence__turbulence0,216,2
CDnet2014,turbulence__turbulence0,217,1
CDnet2014,turbulence__turbulence0,218,4
CDnet2014,turbulence__turbulence0,219,1
CDnet2014,turbulence__turbulence0,220,53
CDnet2014,turbulence__turbulence0,221,13
CDnet2014,turbulence__turbulence0,222,4
CDnet2014,turbulence__turbulence0,223,2
CDnet2014,turbulence__turbulence0,224,2
CDnet2014,turbulence__turbulence0,225,2
CDnet2014,turbulence__turbulence0,226,1
CDnet2014,turbulence__turbulence0,227,1
CDnet2014,turbulence__turbulence0,228,1
CDnet2014,turbulence__turbulence0,229,11
CDnet2014,turbulence__turbulence0,230,1
CDnet2014,turbulence__turbulence0,231,1
CDnet2014,turbulence__turbulence0,232,2
CDnet2014,turbulence__turbulence0,233,1
CDnet2014,turbulence__turbulence0,234,2
CDnet2014,turbulence__turbulence0,235,1
CDnet2014,turbulence__turbulence0,236,2
CDnet2014,turbulence__turbulence0,237,4
CDnet2014,turbulence__turbulence0,238,1
CDnet2014,turbulence__turbulence0,239,1
CDnet2014,turbulence__turbulence0,240,1
CDnet2014,turbulence__turbulence1,0,1
CDnet2014,turbulence__turbulence1,1,1
CDnet2014,turbulence__turbulence1,2,1
CDnet2014,turbulence__turbulence1,3,2
CDnet2014,turbulence__turbulence1,4,1
CDnet2014,turbulence__turbulence1,5,1
CDnet2014,turbulence__turbulence1,6,4
CDnet2014,turbulence__turbulence1,7,1
CDnet2014,turbulence__turbulence1,8,1
CDnet2014,turbulence__turbulence1,9,1
CDnet2014,turbulence__turbulence1,10,1
CDnet2014,turbulence__turbulence1,11,1
CDnet2014,turbulence__turbulence1,12,1
CDnet2014,turbulence__turbulence1,13,1
CDnet2014,turbulence__turbulence1,14,2
CDnet2014,turbulence__turbulence1,15,1
CDnet2014,turbulence__turbulence1,16,1
CDnet2014,turbulence__turbulence1,17,1
CDnet2014,turbulence__turbulence1,18,2
CDnet2014,turbulence__turbulence1,19,1
CDnet2014,turbulence__turbulence1,20,2
CDnet2014,turbulence__turbulence1,21,3
CDnet2014,turbulence__turbulence1,22,1
CDnet2014,turbulence__turbulence1,23,1
CDnet2014,turbulence__turbulence1,24,1
CDnet2014,turbulence__turbulence1,25,2
CDnet2014,turbulence__turbulence1,26,1
CDnet2014,turbulence__turbulence1,27,1
CDnet2014,turbulence__turbulence1,28,2
CDnet2014,turbulence__turbulence1,29,4
CDnet2014,turbulence__turbulence1,30,1
CDnet2014,turbulence__turbulence1,31,1
CDnet2014,turbulence__turbulence1,32,1
CDnet2014,turbulence__turbulence1,33,1
CDnet2014,turbulence__turbulence1,34,3
CDnet2014,turbulence__turbulence1,35,1
CDnet2014,turbulence__turbulence1,36,3
CDnet2014,turbulence__turbulence1,37,1
CDnet2014,turbulence__turbulence1,38,1
CDnet2014,turbulence__turbulence1,39,1
CDnet2014,turbulence__turbulence1,40,1
CDnet2014,turbulence__turbulence1,41,1
CDnet2014,turbulence__turbulence1,42,1
CDnet2014,turbulence__turbulence1,43,1
CDnet2014,turbulence__turbulence1,44,1
CDnet2014,turbulence__turbulence1,45,1
CDnet2014,turbulence__turbulence1,46,1
CDnet2014,turbulence__turbulence1,47,1
CDnet2014,turbulence__turbulence1,48,1
CDnet2014,turbulence__turbulence1,49,1
CDnet2014,turbulence__turbulence1,50,1
CDnet2014,turbulence__turbulence1,51,1
CDnet2014,turbulence__turbulence1,52,1
CDnet2014,turbulence__turbulence1,53,1
CDnet2014,turbulence__turbulence1,54,2
CDnet2014,turbulence__turbulence1,55,2
CDnet2014,turbulence__turbulence1,56,1
CDnet2014,turbulence__turbulence1,57,1
CDnet2014,turbulence__turbulence1,58,1
CDnet2014,turbulence__turbulence1,59,1
CDnet2014,turbulence__turbulence1,60,1
CDnet2014,turbulence__turbulence1,61,1
CDnet2014,turbulence__turbulence1,62,1
CDnet2014,turbulence__turbulence1,63,2
CDnet2014,turbulence__turbulence1,64,1
CDnet2014,turbulence__turbulence1,65,1
CDnet2014,turbulence__turbulence1,66,1
CDnet2014,turbulence__turbulence1,67,1
CDnet2014,turbulence__turbulence1,68,1
CDnet2014,turbulence__turbulence1,69,1
CDnet2014,turbulence__turbulence1,70,1
CDnet2014,turbulence__turbulence1,71,1
CDnet2014,turbulence__turbulence1,72,1
CDnet2014,turbulence__turbulence1,73,1
CDnet2014,turbulence__turbulence1,74,2
CDnet2014,turbulence__turbulence1,75,1
CDnet2014,turbulence__turbulence1,76,1
CDnet2014,turbulence__turbulence1,77,2
CDnet2014,turbulence__turbulence1,78,4
CDnet2014,turbulence__turbulence1,79,1
CDnet2014,turbulence__turbulence1,80,1
CDnet2014,turbulence__turbulence1,81,2
CDnet2014,turbulence__turbulence1,82,3
CDnet2014,turbulence__turbulence1,83,1
CDnet2014,turbulence__turbulence1,84,1
CDnet2014,turbulence__turbulence1,85,1
CDnet2014,turbulence__turbulence1,86,1
CDnet2014,turbulence__turbulence1,87,1
CDnet2014,turbulence__turbulence1,88,1
CDnet2014,turbulence__turbulence1,89,1
CDnet2014,turbulence__turbulence1,90,1
CDnet2014,turbulence__turbulence1,91,2
CDnet2014,turbulence__turbulence1,92,2
CDnet2014,turbulence__turbulence1,93,1
CDnet2014,turbulence__turbulence1,94,1
CDnet2014,turbulence__turbulence1,95,2
CDnet2014,turbulence__turbulence1,96,1
CDnet2014,turbulence__turbulence1,97,1
CDnet2014,turbulence__turbulence1,98,1
CDnet2014,turbulence__turbulence1,99,1
CDnet2014,turbulence__turbulence1,100,1
CDnet2014,turbulence__turbulence1,101,1
CDnet2014,turbulence__turbulence1,102,1
CDnet2014,turbulence__turbulence1,103,1
CDnet2014,turbulence__turbulence1,104,1
CDnet2014,turbulence__turbulence1,105,1
CDnet2014,turbulence__turbulence1,106,2
CDnet2014,turbulence__turbulence2,0,1
CDnet2014,turbulence__turbulence2,1,2
CDnet2014,turbulence__turbulence2,2,1
CDnet2014,turbulence__turbulence2,3,1
CDnet2014,turbulence__turbulence2,4,1
CDnet2014,turbulence__turbulence2,5,1
CDnet2014,turbulence__turbulence2,6,1
CDnet2014,turbulence__turbulence2,7,1
CDnet2014,turbulence__turbulence2,8,1
CDnet2014,turbulence__turbulence2,9,1
CDnet2014,turbulence__turbulence2,10,1
CDnet2014,turbulence__turbulence2,11,1
CDnet2014,turbulence__turbulence2,12,2
CDnet2014,turbulence__turbulence2,13,1
CDnet2014,turbulence__turbulence2,14,1
CDnet2014,turbulence__turbulence2,15,1
CDnet2014,turbulence__turbulence2,16,1
CDnet2014,turbulence__turbulence2,17,1
CDnet2014,turbulence__turbulence2,18,1
CDnet2014,turbulence__turbulence2,19,1
CDnet2014,turbulence__turbulence2,20,1
CDnet2014,turbulence__turbulence2,21,1
CDnet2014,turbulence__turbulence2,22,1
CDnet2014,turbulence__turbulence2,23,1
CDnet2014,turbulence__turbulence2,24,1
CDnet2014,turbulence__turbulence2,25,7
CDnet2014,turbulence__turbulence2,26,1
CDnet2014,turbulence__turbulence2,27,1
CDnet2014,turbulence__turbulence2,28,1
CDnet2014,turbulence__turbulence2,29,1
CDnet2014,turbulence__turbulence2,30,1
CDnet2014,turbulence__turbulence2,31,2
CDnet2014,turbulence__turbulence3,0,1
CDnet2014,turbulence__turbulence3,1,1
CDnet2014,turbulence__turbulence3,2,1
CDnet2014,turbulence__turbulence3,3,1
CDnet2014,turbulence__turbulence3,4,5
CDnet2014,turbulence__turbulence3,5,2
CDnet2014,turbulence__turbulence3,6,1
CDnet2014,turbulence__turbulence3,7,2
CDnet2014,turbulence__turbulence3,8,2
CDnet2014,turbulence__turbulence3,9,2
CDnet2014,turbulence__turbulence3,10,1
CDnet2014,turbulence__turbulence3,11,1
CDnet2014,turbulence__turbulence3,12,1
CDnet2014,turbulence__turbulence3,13,2
CDnet2014,turbulence__turbulence3,14,1
CDnet2014,turbulence__turbulence3,15,3
CDnet2014,turbulence__turbulence3,16,1
CDnet2014,turbulence__turbulence3,17,2
CDnet2014,turbulence__turbulence3,18,1
CDnet2014,turbulence__turbulence3,19,1
CDnet2014,turbulence__turbulence3,20,7
CDnet2014,turbulence__turbulence3,21,5
CDnet2014,turbulence__turbulence3,22,2
CDnet2014,turbulence__turbulence3,23,2
CDnet2014,turbulence__turbulence3,24,2
CDnet2014,turbulence__turbulence3,25,2
CDnet2014,turbulence__turbulence3,26,1
CDnet2014,turbulence__turbulence3,27,1
CDnet2014,turbulence__turbulence3,28,1
CDnet2014,turbulence__turbulence3,29,2
CDnet2014,turbulence__turbulence3,30,1
CDnet2014,turbulence__turbulence3,31,1
CDnet2014,turbulence__turbulence3,32,1
CDnet2014,turbulence__turbulence3,33,1
CDnet2014,turbulence__turbulence3,34,2
CDnet2014,turbulence__turbulence3,35,1
CDnet2014,turbulence__turbulence3,36,1
CDnet2014,turbulence__turbulence3,37,36
CDnet2014,turbulence__turbulence3,38,4
CDnet2014,turbulence__turbulence3,39,1
CDnet2014,turbulence__turbulence3,40,1
CDnet2014,turbulence__turbulence3,41,1
CDnet2014,turbulence__turbulence3,42,1
CDnet2014,turbulence__turbulence3,43,1
CDnet2014,turbulence__turbulence3,44,2
CDnet2014,turbulence__turbulence3,45,1
CDnet2014,turbulence__turbulence3,46,1
CDnet2014,turbulence__turbulence3,47,1
CDnet2014,turbulence__turbulence3,48,1
CDnet2014,turbulence__turbulence3,49,1
CDnet2014,turbulence__turbulence3,50,1
CDnet2014,turbulence__turbulence3,51,1
CDnet2014,turbulence__turbulence3,52,1
CDnet2014,turbulence__turbulence3,53,2
CDnet2014,turbulence__turbulence3,54,1
CDnet2014,turbulence__turbulence3,55,1
CDnet2014,turbulence__turbulence3,56,4
CDnet2014,turbulence__turbulence3,57,4
CDnet2014,turbulence__turbulence3,58,3
CDnet2014,turbulence__turbulence3,59,2
CDnet2014,turbulence__turbulence3,60,3
CDnet2014,turbulence__turbulence3,61,4
CDnet2014,turbulence__turbulence3,62,1
CDnet2014,turbulence__turbulence3,63,1
CDnet2014,turbulence__turbulence3,64,1
CDnet2014,turbulence__turbulence3,65,2
LASIESTA,I_BS__I_BS_01,0,174
LASIESTA,I_BS__I_BS_02,0,90
LASIESTA,I_BS__I_BS_02,1,68
LASIESTA,I_BS__I_BS_02,2,1
LASIESTA,I_CA__I_CA_01,0,350
LASIESTA,I_CA__I_CA_02,0,525
LASIESTA,I_IL__I_IL_01,0,95
LASIESTA,I_IL__I_IL_01,1,1
LASIESTA,I_IL__I_IL_01,2,5
LASIESTA,I_IL__I_IL_01,3,2
LASIESTA,I_IL__I_IL_01,4,2
LASIESTA,I_IL__I_IL_01,5,1
LASIESTA,I_IL__I_IL_01,6,2
LASIESTA,I_IL__I_IL_01,7,1
LASIESTA,I_IL__I_IL_01,8,2
LASIESTA,I_IL__I_IL_01,9,1
LASIESTA,I_IL__I_IL_01,10,1
LASIESTA,I_IL__I_IL_01,11,1
LASIESTA,I_IL__I_IL_01,12,1
LASIESTA,I_IL__I_IL_01,13,1
LASIESTA,I_IL__I_IL_01,14,4
LASIESTA,I_IL__I_IL_01,15,4
LASIESTA,I_IL__I_IL_01,16,2
LASIESTA,I_IL__I_IL_01,17,2
LASIESTA,I_IL__I_IL_01,18,1
LASIESTA,I_IL__I_IL_01,19,4
LASIESTA,I_IL__I_IL_02,0,525
LASIESTA,I_MB__I_MB_01,0,450
LASIESTA,I_MB__I_MB_02,0,302
LASIESTA,I_MC__I_MC_01,0,1
LASIESTA,I_MC__I_MC_01,1,1
LASIESTA,I_MC__I_MC_01,2,1
LASIESTA,I_MC__I_MC_01,3,124
LASIESTA,I_MC__I_MC_01,4,1
LASIESTA,I_MC__I_MC_02,0,250
LASIESTA,I_OC__I_OC_01,0,73
LASIESTA,I_OC__I_OC_01,1,36
LASIESTA,I_OC__I_OC_01,2,1
LASIESTA,I_OC__I_OC_02,0,49
LASIESTA,I_OC__I_OC_02,1,89
LASIESTA,I_SI__I_SI_01,0,151
LASIESTA,I_SI__I_SI_01,1,144
LASIESTA,I_SI__I_SI_01,2,2
LASIESTA,I_SI__I_SI_02,0,198
LASIESTA,I_SM__I_SM_01,0,67
LASIESTA,I_SM__I_SM_01,1,54
LASIESTA,I_SM__I_SM_01,2,1
LASIESTA,I_SM__I_SM_01,3,57
LASIESTA,I_SM__I_SM_02,0,75
LASIESTA,I_SM__I_SM_02,1,1
LASIESTA,I_SM__I_SM_02,2,153
LASIESTA,I_SM__I_SM_03,0,81
LASIESTA,I_SM__I_SM_03,1,1
LASIESTA,I_SM__I_SM_03,2,150
LASIESTA,I_SM__I_SM_04,0,9
LASIESTA,I_SM__I_SM_04,1,12
LASIESTA,I_SM__I_SM_04,2,12
LASIESTA,I_SM__I_SM_04,3,2
LASIESTA,I_SM__I_SM_04,4,25
LASIESTA,I_SM__I_SM_04,5,64
LASIESTA,I_SM__I_SM_04,6,1
LASIESTA,I_SM__I_SM_04,7,2
LASIESTA,I_SM__I_SM_04,8,2
LASIESTA,I_SM__I_SM_04,9,8
LASIESTA,I_SM__I_SM_04,10,1
LASIESTA,I_SM__I_SM_04,11,62
LASIESTA,I_SM__I_SM_04,12,1
LASIESTA,I_SM__I_SM_04,13,3
LASIESTA,I_SM__I_SM_04,14,4
LASIESTA,I_SM__I_SM_04,15,3
LASIESTA,I_SM__I_SM_04,16,67
LASIESTA,I_SM__I_SM_04,17,2
LASIESTA,I_SM__I_SM_05,0,7
LASIESTA,I_SM__I_SM_05,1,3
LASIESTA,I_SM__I_SM_05,2,1
LASIESTA,I_SM__I_SM_05,3,8
LASIESTA,I_SM__I_SM_05,4,6
LASIESTA,I_SM__I_SM_05,5,2
LASIESTA,I_SM__I_SM_05,6,1
LASIESTA,I_SM__I_SM_05,7,1
LASIESTA,I_SM__I_SM_05,8,6
LASIESTA,I_SM__I_SM_05,9,1
LASIESTA,I_SM__I_SM_05,10,3
LASIESTA,I_SM__I_SM_05,11,10
LASIESTA,I_SM__I_SM_05,12,57
LASIESTA,I_SM__I_SM_05,13,1
LASIESTA,I_SM__I_SM_05,14,2
LASIESTA,I_SM__I_SM_05,15,1
LASIESTA,I_SM__I_SM_05,16,1
LASIESTA,I_SM__I_SM_05,17,1
LASIESTA,I_SM__I_SM_05,18,2
LASIESTA,I_SM__I_SM_05,19,53
LASIESTA,I_SM__I_SM_05,20,3
LASIESTA,I_SM__I_SM_05,21,2
LASIESTA,I_SM__I_SM_05,22,1
LASIESTA,I_SM__I_SM_05,23,2
LASIESTA,I_SM__I_SM_05,24,1
LASIESTA,I_SM__I_SM_05,25,2
LASIESTA,I_SM__I_SM_05,26,3
LASIESTA,I_SM__I_SM_05,27,1
LASIESTA,I_SM__I_SM_05,28,2
LASIESTA,I_SM__I_SM_05,29,2
LASIESTA,I_SM__I_SM_05,30,1
LASIESTA,I_SM__I_SM_05,31,55
LASIESTA,I_SM__I_SM_05,32,1
LASIESTA,I_SM__I_SM_06,0,2
LASIESTA,I_SM__I_SM_06,1,2
LASIESTA,I_SM__I_SM_06,2,3
LASIESTA,I_SM__I_SM_06,3,4
LASIESTA,I_SM__I_SM_06,4,1
LASIESTA,I_SM__I_SM_06,5,3
LASIESTA,I_SM__I_SM_06,6,4
LASIESTA,I_SM__I_SM_06,7,1
LASIESTA,I_SM__I_SM_06,8,1
LASIESTA,I_SM__I_SM_06,9,4
LASIESTA,I_SM__I_SM_06,10,1
LASIESTA,I_SM__I_SM_06,11,1
LASIESTA,I_SM__I_SM_06,12,1
LASIESTA,I_SM__I_SM_06,13,4
LASIESTA,I_SM__I_SM_06,14,60
LASIESTA,I_SM__I_SM_06,15,1
LASIESTA,I_SM__I_SM_06,16,1
LASIESTA,I_SM__I_SM_06,17,1
LASIESTA,I_SM__I_SM_06,18,6
LASIESTA,I_SM__I_SM_06,19,53
LASIESTA,I_SM__I_SM_06,20,1
LASIESTA,I_SM__I_SM_06,21,2
LASIESTA,I_SM__I_SM_06,22,1
LASIESTA,I_SM__I_SM_06,23,1
LASIESTA,I_SM__I_SM_06,24,2
LASIESTA,I_SM__I_SM_06,25,1
LASIESTA,I_SM__I_SM_06,26,1
LASIESTA,I_SM__I_SM_06,27,3
LASIESTA,I_SM__I_SM_06,28,2
LASIESTA,I_SM__I_SM_06,29,2
LASIESTA,I_SM__I_SM_06,30,51
LASIESTA,I_SM__I_SM_06,31,2
LASIESTA,I_SM__I_SM_07,0,10
LASIESTA,I_SM__I_SM_07,1,1
LASIESTA,I_SM__I_SM_07,2,1
LASIESTA,I_SM__I_SM_07,3,2
LASIESTA,I_SM__I_SM_07,4,2
LASIESTA,I_SM__I_SM_07,5,1
LASIESTA,I_SM__I_SM_07,6,1
LASIESTA,I_SM__I_SM_07,7,5
LASIESTA,I_SM__I_SM_07,8,3
LASIESTA,I_SM__I_SM_07,9,3
LASIESTA,I_SM__I_SM_07,10,3
LASIESTA,I_SM__I_SM_07,11,1
LASIESTA,I_SM__I_SM_07,12,1
LASIESTA,I_SM__I_SM_07,13,2
LASIESTA,I_SM__I_SM_07,14,3
LASIESTA,I_SM__I_SM_07,15,56
LASIESTA,I_SM__I_SM_07,16,5
LASIESTA,I_SM__I_SM_07,17,1
LASIESTA,I_SM__I_SM_07,18,1
LASIESTA,I_SM__I_SM_07,19,4
LASIESTA,I_SM__I_SM_07,20,57
LASIESTA,I_SM__I_SM_07,21,1
LASIESTA,I_SM__I_SM_07,22,5
LASIESTA,I_SM__I_SM_07,23,2
LASIESTA,I_SM__I_SM_07,24,1
LASIESTA,I_SM__I_SM_07,25,1
LASIESTA,I_SM__I_SM_07,26,2
LASIESTA,I_SM__I_SM_07,27,1
LASIESTA,I_SM__I_SM_07,28,2
LASIESTA,I_SM__I_SM_07,29,2
LASIESTA,I_SM__I_SM_07,30,56
LASIESTA,I_SM__I_SM_07,31,2
LASIESTA,I_SM__I_SM_08,0,1
LASIESTA,I_SM__I_SM_08,1,4
LASIESTA,I_SM__I_SM_08,2,1
LASIESTA,I_SM__I_SM_08,3,1
LASIESTA,I_SM__I_SM_08,4,5
LASIESTA,I_SM__I_SM_08,5,3
LASIESTA,I_SM__I_SM_08,6,1
LASIESTA,I_SM__I_SM_08,7,1
LASIESTA,I_SM__I_SM_08,8,1
LASIESTA,I_SM__I_SM_08,9,1
LASIESTA,I_SM__I_SM_08,10,1
LASIESTA,I_SM__I_SM_08,11,1
LASIESTA,I_SM__I_SM_08,12,2
LASIESTA,I_SM__I_SM_08,13,6
LASIESTA,I_SM__I_SM_08,14,54
LASIESTA,I_SM__I_SM_08,15,2
LASIESTA,I_SM__I_SM_08,16,1
LASIESTA,I_SM__I_SM_08,17,1
LASIESTA,I_SM__I_SM_08,18,51
LASIESTA,I_SM__I_SM_08,19,2
LASIESTA,I_SM__I_SM_08,20,3
LASIESTA,I_SM__I_SM_08,21,3
LASIESTA,I_SM__I_SM_08,22,1
LASIESTA,I_SM__I_SM_08,23,1
LASIESTA,I_SM__I_SM_08,24,1
LASIESTA,I_SM__I_SM_08,25,2
LASIESTA,I_SM__I_SM_08,26,2
LASIESTA,I_SM__I_SM_08,27,1
LASIESTA,I_SM__I_SM_08,28,1
LASIESTA,I_SM__I_SM_08,29,1
LASIESTA,I_SM__I_SM_08,30,53
LASIESTA,I_SM__I_SM_09,0,3
LASIESTA,I_SM__I_SM_09,1,2
LASIESTA,I_SM__I_SM_09,2,1
LASIESTA,I_SM__I_SM_09,3,3
LASIESTA,I_SM__I_SM_09,4,2
LASIESTA,I_SM__I_SM_09,5,1
LASIESTA,I_SM__I_SM_09,6,1
LASIESTA,I_SM__I_SM_09,7,3
LASIESTA,I_SM__I_SM_09,8,1
LASIESTA,I_SM__I_SM_09,9,1
LASIESTA,I_SM__I_SM_09,10,1
LASIESTA,I_SM__I_SM_09,11,1
LASIESTA,I_SM__I_SM_09,12,2
LASIESTA,I_SM__I_SM_09,13,2
LASIESTA,I_SM__I_SM_09,14,1
LASIESTA,I_SM__I_SM_09,15,1
LASIESTA,I_SM__I_SM_09,16,1
LASIESTA,I_SM__I_SM_09,17,3
LASIESTA,I_SM__I_SM_09,18,54
LASIESTA,I_SM__I_SM_09,19,2
LASIESTA,I_SM__I_SM_09,20,1
LASIESTA,I_SM__I_SM_09,21,2
LASIESTA,I_SM__I_SM_09,22,1
LASIESTA,I_SM__I_SM_09,23,54
LASIESTA,I_SM__I_SM_09,24,1
LASIESTA,I_SM__I_SM_09,25,1
LASIESTA,I_SM__I_SM_09,26,1
LASIESTA,I_SM__I_SM_09,27,1
LASIESTA,I_SM__I_SM_09,28,1
LASIESTA,I_SM__I_SM_09,29,3
LASIESTA,I_SM__I_SM_09,30,1
LASIESTA,I_SM__I_SM_09,31,2
LASIESTA,I_SM__I_SM_09,32,2
LASIESTA,I_SM__I_SM_09,33,1
LASIESTA,I_SM__I_SM_09,34,56
LASIESTA,I_SM__I_SM_10,0,2
LASIESTA,I_SM__I_SM_10,1,1
LASIESTA,I_SM__I_SM_10,2,2
LASIESTA,I_SM__I_SM_10,3,5
LASIESTA,I_SM__I_SM_10,4,2
LASIESTA,I_SM__I_SM_10,5,3
LASIESTA,I_SM__I_SM_10,6,1
LASIESTA,I_SM__I_SM_10,7,2
LASIESTA,I_SM__I_SM_10,8,2
LASIESTA,I_SM__I_SM_10,9,1
LASIESTA,I_SM__I_SM_10,10,1
LASIESTA,I_SM__I_SM_10,11,2
LASIESTA,I_SM__I_SM_10,12,1
LASIESTA,I_SM__I_SM_10,13,1
LASIESTA,I_SM__I_SM_10,14,1
LASIESTA,I_SM__I_SM_10,15,1
LASIESTA,I_SM__I_SM_10,16,1
LASIESTA,I_SM__I_SM_10,17,2
LASIESTA,I_SM__I_SM_10,18,2
LASIESTA,I_SM__I_SM_10,19,55
LASIESTA,I_SM__I_SM_10,20,1
LASIESTA,I_SM__I_SM_10,21,1
LASIESTA,I_SM__I_SM_10,22,2
LASIESTA,I_SM__I_SM_10,23,3
LASIESTA,I_SM__I_SM_10,24,3
LASIESTA,I_SM__I_SM_10,25,50
LASIESTA,I_SM__I_SM_10,26,2
LASIESTA,I_SM__I_SM_10,27,3
LASIESTA,I_SM__I_SM_10,28,2
LASIESTA,I_SM__I_SM_10,29,2
LASIESTA,I_SM__I_SM_10,30,2
LASIESTA,I_SM__I_SM_10,31,1
LASIESTA,I_SM__I_SM_10,32,1
LASIESTA,I_SM__I_SM_10,33,1
LASIESTA,I_SM__I_SM_10,34,1
LASIESTA,I_SM__I_SM_10,35,1
LASIESTA,I_SM__I_SM_10,36,4
LASIESTA,I_SM__I_SM_10,37,55
LASIESTA,I_SM__I_SM_11,0,2
LASIESTA,I_SM__I_SM_11,1,1
LASIESTA,I_SM__I_SM_11,2,1
LASIESTA,I_SM__I_SM_11,3,1
LASIESTA,I_SM__I_SM_11,4,1
LASIESTA,I_SM__I_SM_11,5,1
LASIESTA,I_SM__I_SM_11,6,1
LASIESTA,I_SM__I_SM_11,7,1
LASIESTA,I_SM__I_SM_11,8,1
LASIESTA,I_SM__I_SM_11,9,2
LASIESTA,I_SM__I_SM_11,10,3
LASIESTA,I_SM__I_SM_11,11,1
LASIESTA,I_SM__I_SM_11,12,2
LASIESTA,I_SM__I_SM_11,13,1
LASIESTA,I_SM__I_SM_11,14,1
LASIESTA,I_SM__I_SM_11,15,3
LASIESTA,I_SM__I_SM_11,16,3
LASIESTA,I_SM__I_SM_11,17,54
LASIESTA,I_SM__I_SM_11,18,1
LASIESTA,I_SM__I_SM_11,19,2
LASIESTA,I_SM__I_SM_11,20,1
LASIESTA,I_SM__I_SM_11,21,2
LASIESTA,I_SM__I_SM_11,22,2
LASIESTA,I_SM__I_SM_11,23,52
LASIESTA,I_SM__I_SM_11,24,4
LASIESTA,I_SM__I_SM_11,25,2
LASIESTA,I_SM__I_SM_11,26,1
LASIESTA,I_SM__I_SM_11,27,1
LASIESTA,I_SM__I_SM_11,28,1
LASIESTA,I_SM__I_SM_11,29,1
LASIESTA,I_SM__I_SM_11,30,3
LASIESTA,I_SM__I_SM_11,31,1
LASIESTA,I_SM__I_SM_11,32,54
LASIESTA,I_SM__I_SM_11,33,2
LASIESTA,I_SM__I_SM_12,0,1
LASIESTA,I_SM__I_SM_12,1,1
LASIESTA,I_SM__I_SM_12,2,4
LASIESTA,I_SM__I_SM_12,3,3
LASIESTA,I_SM__I_SM_12,4,3
LASIESTA,I_SM__I_SM_12,5,1
LASIESTA,I_SM__I_SM_12,6,1
LASIESTA,I_SM__I_SM_12,7,1
LASIESTA,I_SM__I_SM_12,8,1
LASIESTA,I_SM__I_SM_12,9,2
LASIESTA,I_SM__I_SM_12,10,1
LASIESTA,I_SM__I_SM_12,11,2
LASIESTA,I_SM__I_SM_12,12,1
LASIESTA,I_SM__I_SM_12,13,1
LASIESTA,I_SM__I_SM_12,14,3
LASIESTA,I_SM__I_SM_12,15,1
LASIESTA,I_SM__I_SM_12,16,1
LASIESTA,I_SM__I_SM_12,17,54
LASIESTA,I_SM__I_SM_12,18,1
LASIESTA,I_SM__I_SM_12,19,5
LASIESTA,I_SM__I_SM_12,20,1
LASIESTA,I_SM__I_SM_12,21,2
LASIESTA,I_SM__I_SM_12,22,1
LASIESTA,I_SM__I_SM_12,23,52
LASIESTA,I_SM__I_SM_12,24,1
LASIESTA,I_SM__I_SM_12,25,1
LASIESTA,I_SM__I_SM_12,26,2
LASIESTA,I_SM__I_SM_12,27,3
LASIESTA,I_SM__I_SM_12,28,1
LASIESTA,I_SM__I_SM_12,29,1
LASIESTA,I_SM__I_SM_12,30,1
LASIESTA,I_SM__I_SM_12,31,7
LASIESTA,I_SM__I_SM_12,32,53
LASIESTA,O_CL__O_CL_01,0,225
LASIESTA,O_CL__O_CL_02,0,75
LASIESTA,O_CL__O_CL_02,1,210
LASIESTA,O_MC__O_MC_01,0,425
LASIESTA,O_MC__O_MC_02,0,175
LASIESTA,O_RA__O_RA_01,0,1400
LASIESTA,O_RA__O_RA_02,0,127
LASIESTA,O_SM__O_SM_01,0,1
LASIESTA,O_SM__O_SM_01,1,1
LASIESTA,O_SM__O_SM_01,2,8
LASIESTA,O_SM__O_SM_01,3,1
LASIESTA,O_SM__O_SM_01,4,1
LASIESTA,O_SM__O_SM_01,5,3
LASIESTA,O_SM__O_SM_01,6,1
LASIESTA,O_SM__O_SM_01,7,2
LASIESTA,O_SM__O_SM_01,8,311
LASIESTA,O_SM__O_SM_02,0,1
LASIESTA,O_SM__O_SM_02,1,1
LASIESTA,O_SM__O_SM_02,2,8
LASIESTA,O_SM__O_SM_02,3,1
LASIESTA,O_SM__O_SM_02,4,1
LASIESTA,O_SM__O_SM_02,5,3
LASIESTA,O_SM__O_SM_02,6,1
LASIESTA,O_SM__O_SM_02,7,2
LASIESTA,O_SM__O_SM_02,8,311
LASIESTA,O_SM__O_SM_03,0,1
LASIESTA,O_SM__O_SM_03,1,1
LASIESTA,O_SM__O_SM_03,2,8
LASIESTA,O_SM__O_SM_03,3,1
LASIESTA,O_SM__O_SM_03,4,1
LASIESTA,O_SM__O_SM_03,5,3
LASIESTA,O_SM__O_SM_03,6,1
LASIESTA,O_SM__O_SM_03,7,2
LASIESTA,O_SM__O_SM_03,8,311
LASIESTA,O_SM__O_SM_04,0,273
LASIESTA,O_SM__O_SM_05,0,273
LASIESTA,O_SM__O_SM_06,0,274
LASIESTA,O_SM__O_SM_07,0,251
LASIESTA,O_SM__O_SM_07,1,19
LASIESTA,O_SM__O_SM_08,0,251
LASIESTA,O_SM__O_SM_08,1,20
LASIESTA,O_SM__O_SM_09,0,252
LASIESTA,O_SM__O_SM_09,1,20
LASIESTA,O_SM__O_SM_10,0,274
LASIESTA,O_SM__O_SM_11,0,1
LASIESTA,O_SM__O_SM_11,1,250
LASIESTA,O_SM__O_SM_11,2,22
LASIESTA,O_SM__O_SM_12,0,273
LASIESTA,O_SM__O_SM_12,1,1
LASIESTA,O_SN__O_SN_01,0,500
LASIESTA,O_SN__O_SN_02,0,850
LASIESTA,O_SU__O_SU_01,0,250
LASIESTA,O_SU__O_SU_02,0,400
